{"type":"FeatureCollection","features":[{"type":"Feature","properties":{"name":"Sihora","approximate":false},"geometry":{"type":"Polygon","coordinates":[[[80.1314,23.52552],[80.13167,23.52441],[80.13251,23.52467],[80.13291,23.52365],[80.13409,23.5227],[80.13496,23.52],[80.13379,23.51093],[80.13532,23.5107],[80.13653,23.51097],[80.14063,23.51102],[80.14123,23.51334],[80.1462,23.51284],[80.1462,23.51395],[80.15036,23.514],[80.15052,23.51465],[80.15156,23.5145],[80.15139,23.51243],[80.15014,23.51218],[80.14959,23.50805],[80.14839,23.50775],[80.14822,23.50674],[80.1438,23.50684],[80.14434,23.50185],[80.15013,23.5013],[80.15112,23.50084],[80.15132,23.49997],[80.15052,23.49931],[80.14925,23.4992],[80.1473,23.49729],[80.14579,23.49705],[80.14617,23.49579],[80.14505,23.49569],[80.14456,23.49514],[80.14326,23.49554],[80.14247,23.49386],[80.14223,23.49377],[80.14159,23.49463],[80.13976,23.49407],[80.13782,23.49479],[80.13699,23.49271],[80.1361,23.49249],[80.13561,23.49161],[80.13501,23.49229],[80.13462,23.49232],[80.13421,23.49161],[80.13344,23.49145],[80.13334,23.49118],[80.13375,23.49087],[80.13313,23.49024],[80.13336,23.4895],[80.13306,23.48857],[80.13387,23.48789],[80.13342,23.48699],[80.13649,23.4851],[80.1461,23.48056],[80.14676,23.47941],[80.14655,23.47763],[80.14732,23.47623],[80.1502,23.47655],[80.15168,23.4777],[80.15325,23.47713],[80.15474,23.47736],[80.15511,23.47702],[80.15547,23.47884],[80.15636,23.47959],[80.1625,23.48202],[80.16373,23.48429],[80.16402,23.48706],[80.16982,23.48937],[80.16924,23.49762],[80.17361,23.50242],[80.17781,23.50387],[80.18024,23.50422],[80.18504,23.50563],[80.19014,23.50783],[80.19071,23.50631],[80.1922,23.50399],[80.19564,23.5016],[80.19668,23.49893],[80.19776,23.49761],[80.19786,23.49647],[80.19835,23.49549],[80.20009,23.49408],[80.2003,23.49324],[80.20004,23.49213],[80.20057,23.49148],[80.20084,23.49042],[80.20023,23.48933],[80.20012,23.48651],[80.20221,23.48704],[80.20396,23.48618],[80.2052,23.48605],[80.20702,23.48877],[80.20966,23.49042],[80.21048,23.49027],[80.2114,23.48964],[80.21408,23.48969],[80.2159,23.48882],[80.21668,23.48901],[80.21808,23.49036],[80.21889,23.49055],[80.22001,23.49031],[80.2205,23.48963],[80.22111,23.48938],[80.22568,23.49048],[80.22763,23.48929],[80.22873,23.49032],[80.22977,23.48941],[80.23091,23.4891],[80.23108,23.48851],[80.23,23.48764],[80.22864,23.4871],[80.22846,23.48639],[80.22912,23.48588],[80.22996,23.48581],[80.23172,23.48661],[80.23234,23.48566],[80.23379,23.48654],[80.23573,23.48634],[80.23646,23.48612],[80.23692,23.48405],[80.23734,23.4837],[80.23798,23.48362],[80.24045,23.4845],[80.24158,23.48633],[80.24481,23.48576],[80.24724,23.48643],[80.25034,23.48462],[80.25236,23.48426],[80.25324,23.48495],[80.25937,23.48176],[80.26076,23.48153],[80.26201,23.482],[80.26345,23.48202],[80.2652,23.48092],[80.267,23.48095],[80.26825,23.48045],[80.26929,23.47843],[80.2689,23.47654],[80.26902,23.47378],[80.26822,23.47171],[80.26662,23.46521],[80.26685,23.46318],[80.26637,23.46168],[80.2667,23.45895],[80.26638,23.45724],[80.26662,23.45607],[80.26322,23.45563],[80.26324,23.45606],[80.26155,23.45768],[80.2579,23.45719],[80.2568,23.45657],[80.2573,23.456],[80.25723,23.45549],[80.25484,23.45204],[80.25485,23.45031],[80.25581,23.44937],[80.25844,23.44887],[80.25946,23.44668],[80.25946,23.44564],[80.26,23.4449],[80.26151,23.44532],[80.26292,23.44768],[80.26319,23.44795],[80.26384,23.4478],[80.2643,23.44502],[80.26387,23.44207],[80.26484,23.44093],[80.26526,23.43977],[80.26868,23.43769],[80.26921,23.43774],[80.27112,23.43903],[80.27185,23.43852],[80.27231,23.4373],[80.27328,23.43645],[80.27832,23.43629],[80.28645,23.43388],[80.28759,23.43392],[80.28846,23.44094],[80.28967,23.44325],[80.29062,23.44423],[80.29218,23.44548],[80.2924,23.44467],[80.29363,23.4441],[80.29452,23.44258],[80.29648,23.44113],[80.29705,23.43932],[80.29665,23.43838],[80.2958,23.43812],[80.29703,23.43768],[80.29684,23.43698],[80.29758,23.4361],[80.29802,23.43365],[80.29838,23.43318],[80.2974,23.43138],[80.29782,23.4311],[80.29757,23.43045],[80.29795,23.43016],[80.29767,23.42848],[80.29721,23.42781],[80.29771,23.42625],[80.29888,23.42659],[80.2982,23.42613],[80.29931,23.42395],[80.29898,23.4234],[80.29941,23.42284],[80.29887,23.4227],[80.29884,23.42239],[80.29994,23.42255],[80.29997,23.4219],[80.3012,23.42191],[80.30074,23.42106],[80.30145,23.42129],[80.30155,23.42102],[80.3007,23.42024],[80.30141,23.41942],[80.30339,23.4196],[80.30323,23.41908],[80.30369,23.41862],[80.30335,23.41801],[80.30403,23.41802],[80.30384,23.41748],[80.30544,23.41771],[80.30596,23.41746],[80.30599,23.41695],[80.30722,23.417],[80.30754,23.41673],[80.30896,23.41723],[80.30942,23.41698],[80.30987,23.41763],[80.3102,23.41753],[80.31039,23.41721],[80.30986,23.41611],[80.31052,23.41603],[80.3107,23.41489],[80.31139,23.41481],[80.31142,23.41369],[80.31201,23.41379],[80.31236,23.41348],[80.31359,23.41401],[80.3141,23.41352],[80.31474,23.4136],[80.31468,23.41302],[80.31523,23.4126],[80.31486,23.4115],[80.31557,23.41109],[80.31575,23.41059],[80.31674,23.41066],[80.31687,23.41009],[80.31744,23.40987],[80.31691,23.40833],[80.31275,23.40388],[80.30859,23.39771],[80.30767,23.39515],[80.30772,23.39439],[80.30622,23.39091],[80.30485,23.38867],[80.30437,23.38859],[80.3026,23.38616],[80.3011,23.38512],[80.29713,23.38576],[80.29476,23.38565],[80.29329,23.38531],[80.29183,23.38407],[80.29171,23.3835],[80.29278,23.37889],[80.29268,23.3775],[80.29325,23.37619],[80.29337,23.37112],[80.29371,23.36935],[80.29657,23.36147],[80.297,23.35935],[80.29685,23.35878],[80.29595,23.35788],[80.2932,23.35843],[80.2932,23.35921],[80.29513,23.35996],[80.29587,23.36068],[80.2946,23.36223],[80.2928,23.36233],[80.28815,23.35909],[80.28628,23.35926],[80.2858,23.35821],[80.28143,23.35731],[80.27889,23.35742],[80.2776,23.35639],[80.27754,23.35544],[80.27857,23.35512],[80.27915,23.35377],[80.27847,23.35209],[80.27889,23.35036],[80.27811,23.34917],[80.27752,23.34633],[80.27659,23.34556],[80.27628,23.34413],[80.27642,23.34251],[80.27704,23.34117],[80.27608,23.34078],[80.2763,23.33926],[80.27511,23.33827],[80.27488,23.33608],[80.27379,23.33539],[80.2741,23.33482],[80.27561,23.33366],[80.27539,23.33249],[80.27613,23.33013],[80.27553,23.32965],[80.27522,23.32836],[80.27412,23.32771],[80.27436,23.32659],[80.27312,23.32645],[80.27276,23.32602],[80.27266,23.32438],[80.27087,23.32343],[80.27056,23.32102],[80.26738,23.32114],[80.26277,23.32083],[80.25698,23.32578],[80.25683,23.32635],[80.25731,23.32723],[80.25572,23.3275],[80.25536,23.32962],[80.25579,23.33033],[80.2583,23.33218],[80.25945,23.33405],[80.25829,23.33429],[80.25692,23.33408],[80.25459,23.33263],[80.25187,23.33225],[80.24845,23.33321],[80.24392,23.33385],[80.24489,23.33595],[80.24255,23.33453],[80.241,23.33462],[80.24044,23.3332],[80.23962,23.33291],[80.239,23.33405],[80.23757,23.33394],[80.23498,23.33732],[80.23202,23.3388],[80.23087,23.33783],[80.22991,23.33765],[80.22954,23.33799],[80.22905,23.33748],[80.22907,23.33695],[80.22662,23.33551],[80.22429,23.33472],[80.22232,23.33331],[80.21982,23.33079],[80.22016,23.33065],[80.21999,23.32967],[80.22075,23.32754],[80.21747,23.32738],[80.2161,23.32683],[80.21478,23.32687],[80.2141,23.32751],[80.21453,23.32888],[80.2147,23.33326],[80.21503,23.33425],[80.21345,23.33495],[80.20878,23.33495],[80.19945,23.33667],[80.20033,23.33427],[80.19969,23.33324],[80.19976,23.33241],[80.20077,23.33075],[80.20127,23.329],[80.20083,23.32659],[80.19702,23.32729],[80.19557,23.32727],[80.18771,23.32574],[80.18243,23.32363],[80.1799,23.32395],[80.17735,23.32168],[80.17581,23.31979],[80.17204,23.31042],[80.17123,23.30728],[80.16967,23.30492],[80.16895,23.30239],[80.16797,23.3012],[80.16341,23.30319],[80.16013,23.30404],[80.15263,23.31347],[80.15012,23.31359],[80.13836,23.32043],[80.1375,23.32191],[80.1354,23.32341],[80.13254,23.32599],[80.12934,23.32949],[80.12695,23.33126],[80.12671,23.3316],[80.12707,23.33443],[80.12676,23.33562],[80.12707,23.3373],[80.12638,23.33861],[80.1273,23.34039],[80.12695,23.34179],[80.12717,23.34245],[80.12471,23.34319],[80.1213,23.34301],[80.11989,23.34182],[80.11641,23.34123],[80.11384,23.33969],[80.10926,23.33799],[80.10912,23.33609],[80.10812,23.33296],[80.10916,23.33037],[80.1081,23.32995],[80.10751,23.3275],[80.1057,23.32507],[80.10457,23.32567],[80.10258,23.32614],[80.1008,23.32724],[80.09767,23.32814],[80.09671,23.32896],[80.09564,23.33055],[80.09496,23.33093],[80.09289,23.33085],[80.09099,23.33327],[80.0889,23.33436],[80.08612,23.33459],[80.08288,23.33415],[80.08351,23.33665],[80.08308,23.33716],[80.08138,23.33795],[80.08101,23.33928],[80.08115,23.33997],[80.08052,23.34028],[80.07879,23.34016],[80.07649,23.3408],[80.07515,23.34162],[80.07499,23.34294],[80.07363,23.34342],[80.07272,23.34252],[80.07199,23.34362],[80.07115,23.34332],[80.07082,23.34384],[80.07028,23.34398],[80.07045,23.34471],[80.06964,23.3451],[80.06971,23.34572],[80.06928,23.34596],[80.06974,23.34821],[80.0685,23.34845],[80.06805,23.34922],[80.06614,23.34991],[80.06576,23.35048],[80.06239,23.35004],[80.06214,23.35052],[80.05951,23.35077],[80.05914,23.35028],[80.0578,23.35044],[80.05713,23.34978],[80.0536,23.34928],[80.05375,23.34884],[80.05347,23.34879],[80.04865,23.35071],[80.04586,23.34956],[80.04607,23.35263],[80.04556,23.35331],[80.04608,23.35437],[80.04569,23.35472],[80.04574,23.3554],[80.04442,23.3557],[80.0432,23.35518],[80.04289,23.3556],[80.04229,23.35529],[80.04215,23.35457],[80.04154,23.35452],[80.04115,23.35477],[80.0413,23.35577],[80.04057,23.35644],[80.03883,23.35638],[80.03929,23.35766],[80.03908,23.35789],[80.03851,23.3576],[80.03737,23.35764],[80.03678,23.35651],[80.03596,23.35642],[80.03585,23.35697],[80.03555,23.35633],[80.03498,23.35617],[80.03551,23.35565],[80.03546,23.35534],[80.03455,23.35404],[80.03311,23.35335],[80.03316,23.35267],[80.03232,23.35246],[80.03182,23.35159],[80.03095,23.35175],[80.0288,23.35056],[80.02826,23.34757],[80.02857,23.34685],[80.02775,23.3459],[80.02765,23.34389],[80.02535,23.34354],[80.02394,23.34187],[80.02328,23.34152],[80.02185,23.34153],[80.02107,23.34112],[80.02029,23.34146],[80.01898,23.34085],[80.01846,23.34127],[80.01767,23.341],[80.01701,23.34182],[80.01578,23.34104],[80.01383,23.34162],[80.01307,23.34082],[80.01198,23.34172],[80.01075,23.34191],[80.01031,23.34339],[80.00959,23.34388],[80.00907,23.34482],[80.00807,23.345],[80.00782,23.34574],[80.0073,23.34543],[80.00444,23.34527],[80.00317,23.34611],[80.00277,23.3457],[80.0028,23.34626],[80.0023,23.34605],[80.00235,23.34671],[80.00167,23.3463],[80.00152,23.34697],[80.00107,23.3467],[80.00117,23.34617],[79.99943,23.34594],[79.99596,23.34818],[79.99516,23.34935],[79.99438,23.3488],[79.99283,23.34887],[79.99247,23.34844],[79.99247,23.34736],[79.99181,23.34696],[79.98954,23.3464],[79.9889,23.34581],[79.98846,23.34649],[79.98802,23.3465],[79.98726,23.34512],[79.98734,23.34407],[79.98515,23.34549],[79.98526,23.349],[79.98866,23.356],[79.98937,23.35921],[79.99292,23.36546],[79.99418,23.3683],[79.99849,23.36739],[80.00015,23.36929],[80.00265,23.37061],[80.00215,23.37235],[80.00326,23.37387],[80.00366,23.37508],[80.00228,23.37884],[80.00274,23.38279],[80.00149,23.38588],[80.00387,23.39459],[80.00397,23.40025],[80.00336,23.40194],[80.00284,23.40248],[80.00343,23.4026],[80.00373,23.40302],[80.00371,23.40465],[80.00436,23.40641],[80.00567,23.40664],[80.00678,23.40624],[80.0092,23.4049],[80.0104,23.4036],[80.01136,23.40333],[80.01591,23.40579],[80.01886,23.407],[80.0202,23.40797],[80.02377,23.41116],[80.0242,23.41296],[80.02476,23.41369],[80.02633,23.41392],[80.02725,23.4136],[80.02827,23.41291],[80.02995,23.41078],[80.03147,23.40994],[80.03577,23.40971],[80.03861,23.41058],[80.0417,23.41261],[80.04771,23.41567],[80.05141,23.41676],[80.05284,23.41828],[80.05324,23.42233],[80.05438,23.4266],[80.05559,23.42872],[80.05925,23.43195],[80.05959,23.43255],[80.05974,23.43514],[80.06012,23.43561],[80.06335,23.4361],[80.06423,23.43653],[80.06619,23.4384],[80.06787,23.43864],[80.06932,23.43823],[80.06966,23.43864],[80.07058,23.44475],[80.0705,23.44882],[80.07161,23.45106],[80.06629,23.45664],[80.06622,23.45723],[80.0674,23.45957],[80.0644,23.4607],[80.06327,23.46018],[80.06193,23.45894],[80.0573,23.45777],[80.05297,23.45833],[80.0567,23.46583],[80.05804,23.46764],[80.06062,23.48164],[80.06109,23.4826],[80.06234,23.48183],[80.06287,23.48218],[80.06273,23.48314],[80.06337,23.48355],[80.06359,23.4825],[80.06482,23.48267],[80.06519,23.48177],[80.06628,23.48185],[80.06721,23.48116],[80.06776,23.48123],[80.06766,23.4822],[80.06872,23.48247],[80.06863,23.48368],[80.07006,23.48441],[80.07069,23.48552],[80.07088,23.48693],[80.07138,23.48767],[80.07144,23.48944],[80.07211,23.49076],[80.07202,23.49366],[80.07269,23.49517],[80.07469,23.49434],[80.07524,23.49365],[80.07742,23.49255],[80.07974,23.49315],[80.08153,23.49272],[80.0821,23.49304],[80.08265,23.49412],[80.08411,23.49369],[80.08541,23.49455],[80.08607,23.49453],[80.08732,23.49539],[80.08682,23.49588],[80.08769,23.49731],[80.08905,23.49762],[80.09099,23.4988],[80.09183,23.49875],[80.09234,23.49987],[80.09332,23.49978],[80.09361,23.49871],[80.0942,23.49859],[80.09569,23.49999],[80.09599,23.5017],[80.0977,23.50307],[80.09743,23.50433],[80.09928,23.50448],[80.09906,23.50579],[80.10174,23.50614],[80.10202,23.50791],[80.10114,23.50811],[80.10125,23.50937],[80.10316,23.50932],[80.10299,23.51217],[80.10583,23.51227],[80.1066,23.51262],[80.10682,23.51474],[80.11021,23.51403],[80.11895,23.51388],[80.11889,23.51585],[80.12042,23.51555],[80.12085,23.51979],[80.12386,23.52028],[80.12419,23.51953],[80.1267,23.51932],[80.12681,23.52124],[80.12916,23.52144],[80.12889,23.52285],[80.12911,23.52552],[80.1314,23.52552]]]}},{"type":"Feature","properties":{"name":"Majholi","approximate":false},"geometry":{"type":"Polygon","coordinates":[[[79.96954,23.61216],[79.97388,23.6065],[79.97108,23.6036],[79.97496,23.59696],[79.96946,23.59693],[79.97042,23.59122],[79.96707,23.58701],[79.96623,23.58512],[79.96517,23.58529],[79.96376,23.58501],[79.96361,23.58524],[79.96428,23.58613],[79.9642,23.58662],[79.96254,23.58613],[79.96047,23.58613],[79.96049,23.5856],[79.96177,23.58545],[79.96187,23.58502],[79.96161,23.58407],[79.95983,23.58372],[79.95935,23.58334],[79.96052,23.58196],[79.96039,23.58127],[79.95952,23.58102],[79.95775,23.58175],[79.95655,23.5801],[79.95421,23.57867],[79.9552,23.57366],[79.95586,23.57292],[79.95703,23.56946],[79.95979,23.56771],[79.96088,23.56867],[79.96659,23.57146],[79.97047,23.574],[79.97664,23.57659],[79.98541,23.58116],[79.99356,23.58342],[79.99522,23.57896],[79.99675,23.57766],[79.99706,23.57333],[79.99781,23.57078],[80.00482,23.57109],[80.01024,23.57025],[80.0105,23.57067],[80.01011,23.57139],[80.01234,23.57333],[80.02378,23.57122],[80.03184,23.57143],[80.03308,23.57324],[80.03516,23.57309],[80.03662,23.57369],[80.04233,23.57308],[80.04374,23.57208],[80.04401,23.56996],[80.04248,23.56811],[80.04674,23.56796],[80.04792,23.56919],[80.04938,23.57219],[80.05084,23.57165],[80.05255,23.57194],[80.05381,23.57287],[80.05462,23.57466],[80.0562,23.57476],[80.05687,23.5751],[80.05709,23.57433],[80.05805,23.5742],[80.05829,23.57367],[80.05905,23.57353],[80.06007,23.5744],[80.06216,23.5752],[80.06383,23.57529],[80.06643,23.57658],[80.06855,23.57585],[80.06967,23.57485],[80.07076,23.57325],[80.07205,23.57021],[80.07376,23.57334],[80.07819,23.57384],[80.08356,23.57609],[80.08588,23.57752],[80.0862,23.58202],[80.09081,23.58681],[80.09104,23.5934],[80.10165,23.59289],[80.10541,23.59132],[80.11385,23.58955],[80.1157,23.58883],[80.11407,23.58584],[80.11861,23.58469],[80.12964,23.58815],[80.13362,23.58884],[80.13556,23.58996],[80.137,23.58976],[80.1399,23.59019],[80.14066,23.5899],[80.141,23.58926],[80.14239,23.58527],[80.14181,23.58357],[80.14041,23.58246],[80.13897,23.5786],[80.13867,23.57431],[80.13958,23.57239],[80.14457,23.57607],[80.14583,23.57756],[80.14783,23.5783],[80.14908,23.57996],[80.15021,23.57999],[80.15515,23.58199],[80.15837,23.58202],[80.16359,23.58019],[80.16367,23.57848],[80.16539,23.5762],[80.16583,23.57491],[80.16687,23.57422],[80.16891,23.5736],[80.16893,23.57247],[80.17069,23.57147],[80.17031,23.56955],[80.17052,23.5692],[80.17128,23.56925],[80.17149,23.5671],[80.17198,23.56608],[80.17265,23.56582],[80.17233,23.56439],[80.17323,23.56365],[80.17433,23.56452],[80.17475,23.56418],[80.17491,23.56476],[80.17554,23.56478],[80.17571,23.56542],[80.17645,23.56551],[80.17632,23.56634],[80.1771,23.56661],[80.17806,23.56777],[80.17968,23.56744],[80.179,23.56854],[80.17938,23.57015],[80.18029,23.5706],[80.18121,23.57208],[80.18229,23.57294],[80.18327,23.57469],[80.18602,23.57824],[80.19147,23.57936],[80.19255,23.58107],[80.19153,23.58359],[80.19328,23.58681],[80.19319,23.58773],[80.19492,23.58897],[80.19707,23.58971],[80.20035,23.5878],[80.2064,23.58308],[80.20725,23.5817],[80.20775,23.57822],[80.20829,23.5766],[80.20906,23.57559],[80.21212,23.57492],[80.22184,23.57476],[80.22705,23.57546],[80.23305,23.57581],[80.23461,23.57551],[80.23717,23.57349],[80.23731,23.57127],[80.23831,23.56841],[80.23669,23.56494],[80.23667,23.56213],[80.2351,23.55948],[80.23312,23.55726],[80.22015,23.56001],[80.2199,23.55556],[80.22527,23.55484],[80.22576,23.55218],[80.23769,23.55139],[80.23738,23.54719],[80.2341,23.54696],[80.23344,23.54574],[80.23426,23.54497],[80.23404,23.54357],[80.2335,23.54256],[80.23087,23.54179],[80.23061,23.5407],[80.22999,23.53986],[80.22612,23.53966],[80.22546,23.53425],[80.22627,23.53241],[80.22721,23.53155],[80.22743,23.53081],[80.22437,23.53117],[80.22115,23.53026],[80.22017,23.52961],[80.21901,23.52332],[80.21089,23.52342],[80.21208,23.53395],[80.20877,23.53458],[80.20695,23.53549],[80.20603,23.53756],[80.19395,23.53555],[80.19611,23.52961],[80.19672,23.52682],[80.20017,23.51612],[80.19378,23.51215],[80.19358,23.51172],[80.1916,23.5118],[80.18998,23.50781],[80.18906,23.50719],[80.18504,23.50563],[80.18024,23.50422],[80.17781,23.50387],[80.17361,23.50242],[80.16924,23.49762],[80.16982,23.48937],[80.16402,23.48706],[80.16373,23.48429],[80.1625,23.48202],[80.15636,23.47959],[80.15547,23.47884],[80.15511,23.47702],[80.15474,23.47736],[80.15325,23.47713],[80.15168,23.4777],[80.1502,23.47655],[80.14732,23.47623],[80.14655,23.47763],[80.14676,23.47941],[80.1461,23.48056],[80.13649,23.4851],[80.13342,23.48699],[80.13387,23.48789],[80.13306,23.48857],[80.13336,23.4895],[80.13313,23.49024],[80.13375,23.49087],[80.13334,23.49129],[80.13421,23.49161],[80.13474,23.49235],[80.13561,23.49161],[80.1361,23.49249],[80.13714,23.49285],[80.13769,23.49472],[80.13826,23.49477],[80.14005,23.49406],[80.14118,23.49469],[80.14159,23.49463],[80.14223,23.49377],[80.14247,23.49386],[80.14326,23.49554],[80.14456,23.49514],[80.14505,23.49569],[80.14617,23.49579],[80.14579,23.49705],[80.1473,23.49729],[80.14925,23.4992],[80.15052,23.49931],[80.15132,23.49997],[80.15112,23.50084],[80.15013,23.5013],[80.14434,23.50185],[80.1438,23.50684],[80.14822,23.50674],[80.14839,23.50775],[80.14959,23.50805],[80.15014,23.51218],[80.15139,23.51243],[80.15156,23.5145],[80.15052,23.51465],[80.15036,23.514],[80.1462,23.51395],[80.1462,23.51284],[80.14123,23.51334],[80.14063,23.51102],[80.13653,23.51097],[80.13532,23.5107],[80.13379,23.51093],[80.13496,23.52],[80.13409,23.5227],[80.13291,23.52365],[80.13251,23.52467],[80.13167,23.52441],[80.1314,23.52552],[80.12911,23.52552],[80.12889,23.52285],[80.12916,23.52144],[80.12681,23.52124],[80.1267,23.51932],[80.12419,23.51953],[80.12386,23.52028],[80.12085,23.51979],[80.12042,23.51555],[80.11889,23.51585],[80.11895,23.51388],[80.11021,23.51403],[80.10682,23.51474],[80.1066,23.51262],[80.10583,23.51227],[80.10299,23.51217],[80.10316,23.50932],[80.10125,23.50937],[80.10114,23.50811],[80.10202,23.50791],[80.10174,23.50614],[80.09906,23.50579],[80.09928,23.50448],[80.09743,23.50433],[80.0977,23.50307],[80.09599,23.5017],[80.09569,23.49999],[80.0942,23.49859],[80.09361,23.49871],[80.09332,23.49978],[80.09234,23.49987],[80.09183,23.49875],[80.09099,23.4988],[80.08905,23.49762],[80.08769,23.49731],[80.08682,23.49588],[80.08732,23.49539],[80.08607,23.49453],[80.08541,23.49455],[80.08411,23.49369],[80.08265,23.49412],[80.0821,23.49304],[80.08153,23.49272],[80.07974,23.49315],[80.07742,23.49255],[80.07524,23.49365],[80.07469,23.49434],[80.07269,23.49517],[80.07202,23.49366],[80.07211,23.49076],[80.07144,23.48944],[80.07138,23.48767],[80.07088,23.48693],[80.07069,23.48552],[80.07006,23.48441],[80.06863,23.48368],[80.06872,23.48247],[80.06766,23.4822],[80.06776,23.48123],[80.06721,23.48116],[80.06628,23.48185],[80.06519,23.48177],[80.06482,23.48267],[80.06359,23.4825],[80.06337,23.48355],[80.06273,23.48314],[80.06287,23.48218],[80.06234,23.48183],[80.06109,23.4826],[80.06062,23.48164],[80.05804,23.46764],[80.0567,23.46583],[80.05297,23.45833],[80.0573,23.45777],[80.06193,23.45894],[80.06327,23.46018],[80.0644,23.4607],[80.0674,23.45957],[80.06622,23.45723],[80.06629,23.45664],[80.07161,23.45106],[80.0705,23.44882],[80.07058,23.44475],[80.06966,23.43864],[80.06932,23.43823],[80.06787,23.43864],[80.06619,23.4384],[80.06423,23.43653],[80.06335,23.4361],[80.06012,23.43561],[80.05974,23.43514],[80.05959,23.43255],[80.05925,23.43195],[80.05559,23.42872],[80.05438,23.4266],[80.05324,23.42233],[80.05284,23.41828],[80.05141,23.41676],[80.04771,23.41567],[80.0417,23.41261],[80.03861,23.41058],[80.03577,23.40971],[80.03147,23.40994],[80.02995,23.41078],[80.02827,23.41291],[80.02725,23.4136],[80.02633,23.41392],[80.02476,23.41369],[80.0242,23.41296],[80.02377,23.41116],[80.0202,23.40797],[80.01886,23.407],[80.01591,23.40579],[80.01136,23.40333],[80.0104,23.4036],[80.0092,23.4049],[80.00678,23.40624],[80.00567,23.40664],[80.00436,23.40641],[80.00371,23.40465],[80.00373,23.40302],[80.00343,23.4026],[80.00284,23.40248],[80.00336,23.40194],[80.00397,23.40025],[80.00387,23.39459],[80.00149,23.38588],[80.00274,23.38279],[80.00228,23.37884],[80.00366,23.37508],[80.00326,23.37387],[80.00215,23.37235],[80.00265,23.37061],[80.00015,23.36929],[79.99849,23.36739],[79.99418,23.3683],[79.99292,23.36546],[79.98937,23.35921],[79.98866,23.356],[79.98526,23.349],[79.98515,23.34549],[79.98335,23.3452],[79.98288,23.34679],[79.98122,23.34737],[79.97985,23.34712],[79.97807,23.34743],[79.97768,23.3476],[79.97761,23.34831],[79.97576,23.349],[79.97438,23.35247],[79.97243,23.35486],[79.97203,23.3558],[79.96938,23.35738],[79.96986,23.3584],[79.96913,23.35891],[79.96985,23.36017],[79.96938,23.3619],[79.96668,23.36123],[79.96642,23.36155],[79.9664,23.36286],[79.96483,23.36347],[79.96328,23.3624],[79.96009,23.36192],[79.96133,23.36386],[79.96142,23.36453],[79.95924,23.36765],[79.95875,23.36896],[79.95812,23.36937],[79.95859,23.37031],[79.95843,23.37076],[79.95714,23.37141],[79.95676,23.37196],[79.95688,23.37374],[79.9574,23.37438],[79.95722,23.37564],[79.95486,23.37533],[79.95464,23.37568],[79.95401,23.37563],[79.95331,23.37636],[79.95216,23.37487],[79.95139,23.37483],[79.95121,23.37533],[79.95175,23.3773],[79.95124,23.37819],[79.95098,23.37984],[79.94955,23.38116],[79.94904,23.38225],[79.94738,23.38234],[79.94713,23.38258],[79.94723,23.38328],[79.94798,23.38402],[79.95034,23.38334],[79.95111,23.38345],[79.95152,23.38388],[79.95143,23.38464],[79.95031,23.386],[79.94914,23.3865],[79.9488,23.38785],[79.9482,23.38802],[79.94733,23.38776],[79.94727,23.38592],[79.9464,23.3857],[79.94604,23.38624],[79.94607,23.38773],[79.94364,23.39001],[79.94295,23.38937],[79.94394,23.38813],[79.94346,23.38661],[79.94273,23.38656],[79.94174,23.38722],[79.94084,23.38706],[79.93964,23.38615],[79.93864,23.38653],[79.93844,23.38732],[79.93872,23.38841],[79.94011,23.38965],[79.93908,23.39076],[79.93999,23.39247],[79.94032,23.3946],[79.94204,23.39597],[79.94323,23.39764],[79.94335,23.39839],[79.94304,23.39907],[79.94269,23.39949],[79.9414,23.39973],[79.94002,23.40067],[79.9372,23.40316],[79.93194,23.40553],[79.93077,23.40515],[79.93045,23.40367],[79.93065,23.40242],[79.93004,23.40134],[79.9276,23.40081],[79.92569,23.40003],[79.92448,23.3991],[79.9237,23.39732],[79.92353,23.39592],[79.92382,23.39427],[79.92442,23.39282],[79.92612,23.39101],[79.92632,23.3903],[79.92595,23.3894],[79.92332,23.38871],[79.91238,23.38847],[79.90963,23.38776],[79.9087,23.38659],[79.90851,23.38389],[79.90741,23.38227],[79.89691,23.37451],[79.89589,23.3727],[79.89397,23.36707],[79.89284,23.36522],[79.88865,23.36537],[79.88469,23.36229],[79.88322,23.36208],[79.87887,23.36761],[79.87763,23.36878],[79.87549,23.36893],[79.87226,23.36744],[79.8709,23.36732],[79.86913,23.3683],[79.86879,23.36885],[79.86877,23.37129],[79.86912,23.37315],[79.87031,23.37546],[79.87062,23.37669],[79.87042,23.37735],[79.86811,23.37945],[79.86309,23.38303],[79.86229,23.38409],[79.86219,23.38475],[79.86442,23.38854],[79.86426,23.38919],[79.86101,23.39331],[79.86101,23.39516],[79.85946,23.3995],[79.86014,23.40319],[79.8625,23.40971],[79.86464,23.41296],[79.86498,23.41421],[79.86485,23.41545],[79.86361,23.41908],[79.85934,23.4239],[79.85825,23.42466],[79.85637,23.42538],[79.85374,23.42579],[79.85238,23.42542],[79.85006,23.424],[79.84831,23.4221],[79.84711,23.42182],[79.84307,23.42212],[79.8407,23.42328],[79.83996,23.42434],[79.83996,23.42603],[79.84183,23.42794],[79.84279,23.42955],[79.84156,23.43061],[79.84087,23.43066],[79.83997,23.43283],[79.84001,23.43349],[79.84114,23.435],[79.84087,23.43685],[79.84123,23.43942],[79.84113,23.44192],[79.84179,23.44435],[79.84246,23.44552],[79.84294,23.44737],[79.84278,23.44794],[79.84182,23.44884],[79.83979,23.44903],[79.83798,23.44816],[79.83499,23.44564],[79.83237,23.44518],[79.82905,23.44555],[79.82724,23.44451],[79.82583,23.44556],[79.8226,23.44633],[79.82046,23.44364],[79.82104,23.44268],[79.82045,23.44215],[79.82099,23.44186],[79.8205,23.4409],[79.81995,23.44063],[79.81945,23.44181],[79.81977,23.44276],[79.81883,23.44297],[79.81607,23.44519],[79.81475,23.44471],[79.81416,23.44521],[79.81346,23.44505],[79.81336,23.44414],[79.81271,23.44406],[79.81288,23.44332],[79.81233,23.4433],[79.81212,23.44377],[79.81157,23.44332],[79.81112,23.44356],[79.81088,23.44274],[79.80938,23.44417],[79.80938,23.44525],[79.81115,23.44628],[79.81125,23.44734],[79.81237,23.44713],[79.81259,23.44741],[79.81236,23.44807],[79.81281,23.44845],[79.81192,23.44908],[79.81118,23.44879],[79.81088,23.44906],[79.81128,23.45012],[79.81043,23.45051],[79.81064,23.4518],[79.80995,23.45314],[79.81012,23.45462],[79.81076,23.45529],[79.81188,23.45554],[79.81236,23.4562],[79.81327,23.45607],[79.81294,23.45659],[79.81312,23.45714],[79.81388,23.45721],[79.81415,23.45772],[79.81491,23.45759],[79.81569,23.4579],[79.81517,23.45833],[79.81581,23.45887],[79.81499,23.46074],[79.81386,23.4613],[79.81352,23.46101],[79.81297,23.46109],[79.81299,23.46023],[79.81226,23.46017],[79.8123,23.45949],[79.81172,23.45975],[79.81125,23.4588],[79.81087,23.45922],[79.81034,23.4591],[79.81028,23.46001],[79.80926,23.46005],[79.80943,23.45927],[79.8091,23.45912],[79.8078,23.45987],[79.8069,23.45988],[79.80595,23.46343],[79.80472,23.46396],[79.80225,23.46607],[79.80191,23.46783],[79.80276,23.46892],[79.8029,23.4705],[79.80445,23.47181],[79.80519,23.47512],[79.80784,23.4816],[79.80875,23.48299],[79.81154,23.48571],[79.81372,23.48887],[79.81467,23.49055],[79.81573,23.49407],[79.81572,23.49528],[79.81036,23.49813],[79.80998,23.49884],[79.81094,23.5005],[79.81275,23.50183],[79.81543,23.50201],[79.81567,23.50326],[79.81925,23.50761],[79.82016,23.51051],[79.81531,23.51268],[79.81607,23.51336],[79.82189,23.51299],[79.82836,23.51165],[79.83387,23.51159],[79.83642,23.51121],[79.83777,23.50955],[79.83916,23.50886],[79.84037,23.50753],[79.84187,23.50677],[79.84319,23.50536],[79.84576,23.50423],[79.84732,23.50417],[79.84877,23.50659],[79.85411,23.51365],[79.85648,23.51745],[79.86081,23.5228],[79.86652,23.53128],[79.86999,23.53563],[79.87324,23.54042],[79.8735,23.54405],[79.87458,23.54638],[79.87477,23.54865],[79.87446,23.54995],[79.87582,23.55079],[79.87632,23.55148],[79.87547,23.55283],[79.87753,23.55352],[79.87824,23.55439],[79.87659,23.55594],[79.87664,23.55624],[79.8782,23.55644],[79.87873,23.55807],[79.87912,23.55836],[79.87973,23.55815],[79.87998,23.55703],[79.88197,23.55772],[79.88156,23.55877],[79.88252,23.559],[79.88336,23.55966],[79.88385,23.55963],[79.8845,23.55891],[79.88489,23.55898],[79.88526,23.5597],[79.88512,23.56092],[79.88599,23.56224],[79.88657,23.56209],[79.88681,23.56155],[79.88728,23.56155],[79.88731,23.56229],[79.88811,23.56326],[79.88802,23.56415],[79.88917,23.56491],[79.88999,23.56447],[79.89028,23.56499],[79.89213,23.56581],[79.89259,23.5666],[79.89197,23.56736],[79.89201,23.56773],[79.89283,23.56785],[79.89317,23.56724],[79.89369,23.56785],[79.89356,23.56891],[79.89194,23.56911],[79.89164,23.56941],[79.89295,23.5706],[79.89251,23.57186],[79.89256,23.57292],[79.89301,23.57306],[79.89417,23.57236],[79.89544,23.57256],[79.89869,23.57495],[79.90101,23.57479],[79.90116,23.57537],[79.9005,23.57678],[79.90108,23.57795],[79.90086,23.57911],[79.90168,23.58042],[79.90312,23.58069],[79.90348,23.5813],[79.90339,23.58206],[79.90255,23.58257],[79.9024,23.58403],[79.90249,23.58466],[79.90341,23.58583],[79.90616,23.58638],[79.90907,23.58504],[79.90951,23.58524],[79.9096,23.58624],[79.91004,23.58635],[79.91049,23.58614],[79.91076,23.58517],[79.91119,23.58508],[79.91216,23.587],[79.91415,23.58743],[79.91659,23.58647],[79.91742,23.58664],[79.91822,23.58726],[79.91891,23.58837],[79.9207,23.58926],[79.92587,23.59325],[79.92658,23.59429],[79.92969,23.59519],[79.93123,23.59734],[79.93288,23.59891],[79.9377,23.60069],[79.93923,23.60235],[79.94165,23.60321],[79.9428,23.60431],[79.94437,23.6052],[79.94653,23.60563],[79.94925,23.60746],[79.94955,23.60703],[79.95502,23.60918],[79.95502,23.60953],[79.95605,23.61034],[79.95899,23.61131],[79.96038,23.6128],[79.96289,23.61413],[79.96637,23.61544],[79.96823,23.61576],[79.96954,23.61216]]]}},{"type":"Feature","properties":{"name":"Patan","approximate":false},"geometry":{"type":"Polygon","coordinates":[[[79.80595,23.46343],[79.8069,23.45988],[79.8078,23.45987],[79.8091,23.45912],[79.80943,23.45927],[79.80926,23.46005],[79.81028,23.46001],[79.81034,23.4591],[79.81087,23.45922],[79.81125,23.4588],[79.81172,23.45975],[79.8123,23.45949],[79.81226,23.46017],[79.81299,23.46023],[79.81297,23.46109],[79.81352,23.46101],[79.81386,23.4613],[79.81499,23.46074],[79.81581,23.45887],[79.81517,23.45833],[79.81569,23.4579],[79.81491,23.45759],[79.81415,23.45772],[79.81388,23.45721],[79.81312,23.45714],[79.81294,23.45659],[79.81335,23.45613],[79.81236,23.4562],[79.81188,23.45554],[79.81068,23.45525],[79.81004,23.45442],[79.80995,23.45314],[79.81064,23.4518],[79.81043,23.45051],[79.81128,23.45012],[79.81088,23.44906],[79.81118,23.44879],[79.81192,23.44908],[79.81281,23.44845],[79.81236,23.44807],[79.81258,23.44733],[79.81211,23.44709],[79.81125,23.44734],[79.81115,23.44628],[79.8098,23.44562],[79.80928,23.44502],[79.80938,23.44417],[79.81068,23.44277],[79.81095,23.44282],[79.81112,23.44356],[79.81157,23.44332],[79.81212,23.44377],[79.81233,23.4433],[79.81288,23.44332],[79.81271,23.44406],[79.81336,23.44414],[79.81346,23.44505],[79.81416,23.44521],[79.81475,23.44471],[79.81607,23.44519],[79.81883,23.44297],[79.81977,23.44276],[79.81945,23.44181],[79.81995,23.44063],[79.8205,23.4409],[79.82099,23.44186],[79.82045,23.44215],[79.82104,23.44268],[79.82046,23.44364],[79.8226,23.44633],[79.82583,23.44556],[79.82724,23.44451],[79.82905,23.44555],[79.83364,23.44527],[79.83499,23.44564],[79.83798,23.44816],[79.83919,23.44878],[79.84043,23.44905],[79.84182,23.44884],[79.84278,23.44794],[79.84294,23.44737],[79.84113,23.44192],[79.84123,23.43942],[79.84087,23.43685],[79.84114,23.435],[79.84001,23.43349],[79.83997,23.43283],[79.84087,23.43066],[79.84156,23.43061],[79.84279,23.42955],[79.84183,23.42794],[79.83996,23.42603],[79.83996,23.42434],[79.8407,23.42328],[79.84307,23.42212],[79.84711,23.42182],[79.84831,23.4221],[79.85006,23.424],[79.85238,23.42542],[79.85374,23.42579],[79.85701,23.42519],[79.85934,23.4239],[79.86245,23.42063],[79.8639,23.4185],[79.86501,23.41485],[79.86464,23.41296],[79.86273,23.41031],[79.86014,23.40319],[79.85956,23.40075],[79.85952,23.39884],[79.86101,23.39516],[79.86101,23.39331],[79.86426,23.38919],[79.86442,23.38854],[79.86219,23.38475],[79.86229,23.38409],[79.86309,23.38303],[79.86811,23.37945],[79.87042,23.37735],[79.87062,23.37669],[79.87031,23.37546],[79.86897,23.37251],[79.86879,23.36885],[79.87025,23.3675],[79.87226,23.36744],[79.87306,23.36592],[79.87251,23.36479],[79.87127,23.36433],[79.86787,23.36508],[79.86627,23.36388],[79.86608,23.36256],[79.86674,23.3615],[79.86993,23.36084],[79.87199,23.35924],[79.87235,23.35735],[79.8734,23.35568],[79.87389,23.3553],[79.87659,23.35489],[79.87783,23.35351],[79.87798,23.3529],[79.87766,23.35166],[79.87623,23.35033],[79.87519,23.34956],[79.87316,23.34928],[79.8722,23.34857],[79.87195,23.34803],[79.8731,23.34403],[79.87286,23.34341],[79.87226,23.34312],[79.87049,23.34329],[79.86926,23.3422],[79.86907,23.34161],[79.8692,23.34096],[79.871,23.34],[79.87185,23.33898],[79.87181,23.33707],[79.87394,23.3347],[79.87329,23.33362],[79.87131,23.33298],[79.87102,23.33251],[79.87105,23.33122],[79.87211,23.32756],[79.87055,23.3255],[79.86976,23.32317],[79.86978,23.32254],[79.87211,23.32123],[79.87236,23.32064],[79.87204,23.32001],[79.87087,23.31938],[79.87009,23.31925],[79.86885,23.31989],[79.86756,23.32],[79.86626,23.31955],[79.86537,23.31872],[79.86584,23.31682],[79.86666,23.31566],[79.86815,23.31451],[79.86832,23.31395],[79.86808,23.31325],[79.86589,23.3117],[79.86396,23.31123],[79.86283,23.31047],[79.86274,23.30917],[79.86411,23.30707],[79.86331,23.3062],[79.86068,23.30578],[79.85991,23.30597],[79.85956,23.30661],[79.86002,23.30788],[79.85658,23.30838],[79.8503,23.30831],[79.84549,23.30763],[79.84078,23.308],[79.83994,23.30752],[79.83865,23.30761],[79.83866,23.30849],[79.83533,23.30838],[79.83396,23.30883],[79.83199,23.30875],[79.83127,23.30914],[79.83081,23.30904],[79.83121,23.30826],[79.83088,23.30776],[79.83091,23.307],[79.83145,23.3068],[79.83166,23.30606],[79.8308,23.30465],[79.83125,23.30437],[79.83123,23.304],[79.83057,23.30372],[79.83068,23.30292],[79.83276,23.30059],[79.83409,23.30052],[79.83509,23.29975],[79.83634,23.29935],[79.84148,23.29828],[79.84116,23.29661],[79.84375,23.29588],[79.84358,23.29522],[79.84434,23.29509],[79.8444,23.29452],[79.84778,23.29442],[79.84803,23.29409],[79.84792,23.29199],[79.84743,23.291],[79.8463,23.29075],[79.8447,23.28463],[79.84418,23.28349],[79.84358,23.28366],[79.84317,23.28251],[79.84317,23.28069],[79.84271,23.27894],[79.84331,23.27782],[79.84319,23.27726],[79.84368,23.27532],[79.84481,23.27297],[79.84761,23.27285],[79.85572,23.27151],[79.85609,23.27091],[79.85696,23.27063],[79.85679,23.26957],[79.85748,23.2688],[79.85864,23.26793],[79.85981,23.26785],[79.86058,23.26722],[79.86035,23.26626],[79.86315,23.26584],[79.86385,23.26605],[79.86361,23.26155],[79.86249,23.25864],[79.86192,23.25816],[79.86222,23.2572],[79.86086,23.25709],[79.8583,23.25749],[79.85659,23.25726],[79.8556,23.25599],[79.85495,23.25589],[79.85458,23.25547],[79.85448,23.25513],[79.85508,23.25424],[79.85368,23.25299],[79.85252,23.25301],[79.85214,23.2533],[79.8522,23.25354],[79.85311,23.25345],[79.85284,23.25414],[79.85103,23.25378],[79.85117,23.25458],[79.85012,23.25466],[79.84882,23.2541],[79.84858,23.25332],[79.84914,23.25287],[79.84862,23.25198],[79.84945,23.2514],[79.84927,23.25084],[79.84978,23.24933],[79.84954,23.24916],[79.84838,23.24995],[79.8481,23.24978],[79.84831,23.24918],[79.84721,23.24923],[79.84708,23.24861],[79.84661,23.24921],[79.84577,23.24954],[79.84508,23.24937],[79.84548,23.24861],[79.84446,23.24842],[79.84443,23.24815],[79.84505,23.24781],[79.84448,23.24742],[79.84467,23.2467],[79.8437,23.24655],[79.84374,23.24548],[79.84339,23.24509],[79.84412,23.24444],[79.84412,23.24392],[79.8427,23.24369],[79.84261,23.24433],[79.84228,23.24432],[79.84191,23.24331],[79.84152,23.24316],[79.84152,23.24185],[79.842,23.24151],[79.84167,23.24098],[79.84195,23.24023],[79.84114,23.23996],[79.84166,23.23979],[79.84168,23.23846],[79.84278,23.23838],[79.84262,23.23783],[79.84321,23.23746],[79.84327,23.23659],[79.84409,23.23673],[79.84412,23.23613],[79.84525,23.23497],[79.84511,23.23376],[79.84563,23.2328],[79.8451,23.23229],[79.84529,23.23196],[79.84585,23.23213],[79.84627,23.23175],[79.84644,23.23101],[79.84572,23.22975],[79.84585,23.22905],[79.84517,23.22814],[79.84822,23.22647],[79.85013,23.22595],[79.84974,23.2253],[79.85176,23.22505],[79.85284,23.2242],[79.8536,23.2242],[79.85396,23.22326],[79.8561,23.22452],[79.85744,23.22456],[79.85853,23.2242],[79.85817,23.22532],[79.85832,23.22586],[79.8607,23.22578],[79.86175,23.22542],[79.86169,23.22456],[79.86406,23.22515],[79.86392,23.22276],[79.86552,23.2206],[79.865,23.21918],[79.86581,23.21729],[79.86566,23.21627],[79.86542,23.21522],[79.86447,23.21424],[79.86401,23.21451],[79.86364,23.21421],[79.86313,23.2143],[79.86221,23.21396],[79.86187,23.2134],[79.86106,23.21331],[79.86125,23.21038],[79.86072,23.20566],[79.86089,23.20534],[79.86205,23.20548],[79.86305,23.20501],[79.8656,23.20538],[79.86558,23.20351],[79.86788,23.20329],[79.86753,23.2012],[79.86768,23.20063],[79.86821,23.20027],[79.86785,23.19919],[79.86801,23.19738],[79.86767,23.1958],[79.86647,23.19646],[79.86629,23.19604],[79.86674,23.19422],[79.86509,23.19524],[79.86542,23.19237],[79.8645,23.19092],[79.8649,23.18936],[79.86467,23.18666],[79.85951,23.18651],[79.85755,23.18597],[79.8563,23.18467],[79.85396,23.18547],[79.85276,23.18548],[79.84978,23.18449],[79.8469,23.18554],[79.8447,23.18597],[79.84417,23.18335],[79.84016,23.18387],[79.83783,23.18352],[79.83608,23.1838],[79.83492,23.18322],[79.83161,23.18455],[79.828,23.18407],[79.82493,23.18509],[79.82029,23.18486],[79.81155,23.18389],[79.80789,23.18276],[79.8001,23.18154],[79.80018,23.18945],[79.80048,23.19076],[79.79849,23.19176],[79.79702,23.19383],[79.7954,23.19804],[79.79326,23.19733],[79.78694,23.19832],[79.78419,23.19735],[79.78261,23.19635],[79.78017,23.19617],[79.7655,23.19736],[79.7601,23.19806],[79.75949,23.19952],[79.7601,23.20364],[79.7588,23.20414],[79.75203,23.2047],[79.74868,23.20399],[79.73865,23.20333],[79.73713,23.20385],[79.73236,23.20406],[79.72668,23.20588],[79.72453,23.20594],[79.72037,23.20297],[79.71982,23.19639],[79.71657,23.19617],[79.70787,23.19437],[79.70836,23.19155],[79.7077,23.18939],[79.70686,23.18835],[79.69901,23.19062],[79.69486,23.18833],[79.69386,23.18869],[79.69315,23.18855],[79.69243,23.19006],[79.69118,23.1905],[79.69029,23.18965],[79.68876,23.19013],[79.68616,23.19026],[79.68589,23.19],[79.6861,23.18941],[79.68573,23.18934],[79.68524,23.18977],[79.68512,23.19046],[79.68546,23.1914],[79.6853,23.19324],[79.68609,23.1945],[79.68591,23.19782],[79.68509,23.19862],[79.68431,23.19884],[79.6837,23.20072],[79.6826,23.20245],[79.68278,23.2049],[79.68165,23.20621],[79.67989,23.2059],[79.67806,23.20488],[79.67619,23.20269],[79.67477,23.20192],[79.66703,23.1992],[79.66314,23.19872],[79.66251,23.19944],[79.66335,23.20018],[79.66318,23.20125],[79.6621,23.20119],[79.66182,23.2015],[79.66231,23.2023],[79.66224,23.20283],[79.6611,23.20346],[79.66025,23.2048],[79.65846,23.2059],[79.65657,23.20644],[79.65593,23.20524],[79.65499,23.20561],[79.65256,23.20535],[79.65106,23.20446],[79.64998,23.20467],[79.64876,23.20558],[79.64806,23.20569],[79.64888,23.20774],[79.64915,23.21001],[79.64904,23.21347],[79.64859,23.21524],[79.64756,23.21728],[79.64534,23.21968],[79.64424,23.22027],[79.64032,23.2213],[79.63636,23.22167],[79.63556,23.22213],[79.6346,23.22145],[79.63268,23.22125],[79.6335,23.21908],[79.63228,23.21791],[79.63238,23.21668],[79.63181,23.21488],[79.63057,23.21304],[79.63053,23.21271],[79.63251,23.20993],[79.63349,23.20739],[79.63322,23.20536],[79.63226,23.20403],[79.63196,23.20291],[79.63325,23.1999],[79.63265,23.1981],[79.62867,23.19194],[79.6249,23.19212],[79.61942,23.19317],[79.61291,23.19332],[79.60837,23.19724],[79.60737,23.19854],[79.60745,23.19985],[79.60887,23.20183],[79.60823,23.20355],[79.6071,23.20432],[79.60376,23.20422],[79.60111,23.20751],[79.60206,23.20778],[79.60257,23.20835],[79.60274,23.20941],[79.60265,23.2131],[79.60161,23.21465],[79.6017,23.215],[79.60034,23.2153],[79.59929,23.2149],[79.59795,23.21528],[79.59659,23.21422],[79.59623,23.21439],[79.59626,23.21537],[79.59569,23.21579],[79.59322,23.21508],[79.59308,23.21573],[79.59346,23.21679],[79.59321,23.21786],[79.59131,23.21885],[79.58931,23.21824],[79.58939,23.22056],[79.5876,23.22093],[79.58652,23.22248],[79.58715,23.2234],[79.58681,23.22449],[79.58786,23.22447],[79.58787,23.22476],[79.58688,23.22594],[79.58529,23.22613],[79.58476,23.22795],[79.58354,23.22939],[79.5835,23.22965],[79.5843,23.23016],[79.58413,23.23066],[79.5836,23.2309],[79.58145,23.23029],[79.58077,23.23074],[79.58021,23.23046],[79.57906,23.2306],[79.57817,23.23132],[79.57626,23.23035],[79.5757,23.23094],[79.57532,23.23222],[79.57475,23.23261],[79.57366,23.23129],[79.57311,23.23129],[79.57247,23.23199],[79.57081,23.23144],[79.56992,23.23182],[79.56857,23.23055],[79.56766,23.23047],[79.56718,23.23067],[79.56718,23.23202],[79.56607,23.23451],[79.56531,23.23509],[79.56479,23.23503],[79.56386,23.23417],[79.56277,23.23474],[79.56154,23.23583],[79.56152,23.23728],[79.56121,23.23771],[79.55861,23.23603],[79.557,23.23648],[79.55702,23.23451],[79.55658,23.23427],[79.55577,23.23623],[79.55522,23.23654],[79.55395,23.23683],[79.55351,23.23573],[79.55302,23.23554],[79.5517,23.2372],[79.55112,23.23718],[79.54983,23.23599],[79.5491,23.23702],[79.54848,23.23715],[79.5511,23.23991],[79.55513,23.24756],[79.55794,23.25001],[79.55917,23.25069],[79.56086,23.25104],[79.56163,23.25041],[79.56112,23.24854],[79.56118,23.24582],[79.56182,23.24446],[79.56255,23.2442],[79.56527,23.24456],[79.56866,23.24588],[79.56995,23.24696],[79.56999,23.24799],[79.56961,23.24889],[79.56812,23.25123],[79.56713,23.25156],[79.56641,23.25244],[79.56726,23.25397],[79.56736,23.25484],[79.56848,23.25479],[79.56897,23.25558],[79.56934,23.25507],[79.57008,23.25541],[79.57027,23.25587],[79.57082,23.25582],[79.57138,23.25623],[79.57102,23.25712],[79.57032,23.25715],[79.56887,23.25854],[79.56915,23.25957],[79.56843,23.25949],[79.56829,23.26017],[79.56781,23.25996],[79.56769,23.26041],[79.56704,23.26035],[79.56678,23.26093],[79.56781,23.26209],[79.56707,23.26341],[79.57055,23.26394],[79.57139,23.26584],[79.57084,23.26591],[79.57069,23.26638],[79.57018,23.26603],[79.5697,23.26649],[79.56903,23.2664],[79.56892,23.26698],[79.5682,23.26755],[79.56744,23.26744],[79.56729,23.26801],[79.56683,23.26755],[79.5666,23.26815],[79.56588,23.2681],[79.56652,23.27043],[79.56804,23.27123],[79.56857,23.272],[79.56845,23.27316],[79.56879,23.27405],[79.56633,23.27622],[79.56636,23.27753],[79.5674,23.27936],[79.56944,23.28091],[79.57183,23.28194],[79.57307,23.28324],[79.57562,23.28446],[79.57779,23.28629],[79.58169,23.28803],[79.58439,23.2897],[79.58702,23.29058],[79.58859,23.2922],[79.59052,23.29281],[79.5931,23.29505],[79.59464,23.295],[79.59499,23.29543],[79.59505,23.29632],[79.5989,23.29816],[79.60394,23.30123],[79.60512,23.30243],[79.6078,23.3038],[79.6095,23.30561],[79.6138,23.30795],[79.61497,23.30918],[79.61729,23.31029],[79.61809,23.31034],[79.62077,23.31226],[79.62362,23.31337],[79.62652,23.31517],[79.6282,23.31552],[79.63237,23.31788],[79.63332,23.31784],[79.6335,23.31829],[79.63679,23.3201],[79.63708,23.32054],[79.64257,23.32345],[79.64346,23.32427],[79.64604,23.32514],[79.64818,23.3269],[79.65443,23.33037],[79.65561,23.33132],[79.66264,23.33418],[79.6639,23.33584],[79.6649,23.3365],[79.66608,23.33664],[79.66757,23.33545],[79.66843,23.33515],[79.6745,23.33822],[79.67524,23.3394],[79.67427,23.34232],[79.67484,23.34337],[79.67547,23.34368],[79.67663,23.34361],[79.67945,23.34559],[79.68083,23.34554],[79.68109,23.34635],[79.68755,23.34979],[79.69371,23.3543],[79.69438,23.35519],[79.69635,23.35673],[79.69968,23.35878],[79.70146,23.36074],[79.70285,23.36153],[79.70312,23.36311],[79.70508,23.36468],[79.70633,23.36801],[79.70501,23.37047],[79.70432,23.37268],[79.70299,23.3745],[79.70448,23.37595],[79.70825,23.37361],[79.70981,23.37327],[79.71115,23.37221],[79.71248,23.37168],[79.71562,23.37788],[79.71611,23.38246],[79.71834,23.38381],[79.71922,23.38493],[79.71943,23.38581],[79.71964,23.38894],[79.71929,23.38993],[79.71727,23.3922],[79.71927,23.39338],[79.7206,23.39376],[79.72246,23.39381],[79.72134,23.39529],[79.71974,23.39841],[79.7212,23.39929],[79.72205,23.39914],[79.725,23.39965],[79.72732,23.40318],[79.73318,23.40928],[79.7329,23.4116],[79.7306,23.41283],[79.73095,23.41456],[79.73226,23.41671],[79.73202,23.41798],[79.73312,23.41968],[79.73191,23.42047],[79.72986,23.42065],[79.72698,23.41882],[79.72479,23.4188],[79.72405,23.41967],[79.72295,23.42274],[79.72487,23.4224],[79.72659,23.4244],[79.72431,23.42517],[79.72435,23.42539],[79.72759,23.42646],[79.72845,23.42707],[79.7292,23.42825],[79.73211,23.42804],[79.73547,23.42625],[79.73485,23.4275],[79.73508,23.42943],[79.73482,23.43114],[79.73706,23.43294],[79.73708,23.43538],[79.73777,23.43659],[79.73964,23.43534],[79.74084,23.43407],[79.74133,23.42982],[79.74268,23.42972],[79.74407,23.43117],[79.74557,23.43154],[79.74601,23.43141],[79.74653,23.43033],[79.74718,23.43014],[79.75555,23.43304],[79.7562,23.43301],[79.75807,23.43199],[79.75898,23.43212],[79.7606,23.43336],[79.76087,23.43419],[79.76174,23.43522],[79.7644,23.43718],[79.76657,23.43827],[79.76623,23.43987],[79.7678,23.44538],[79.77154,23.44598],[79.7712,23.44353],[79.77141,23.44261],[79.77314,23.44019],[79.77474,23.43932],[79.77656,23.43949],[79.78216,23.44111],[79.78302,23.44187],[79.78334,23.44323],[79.78625,23.44528],[79.789,23.44646],[79.78857,23.44673],[79.78642,23.44638],[79.78575,23.44672],[79.78548,23.44834],[79.786,23.44942],[79.78673,23.45006],[79.78856,23.45071],[79.78956,23.45197],[79.79075,23.45229],[79.79118,23.45412],[79.79217,23.45495],[79.79354,23.45542],[79.78999,23.45722],[79.78767,23.45882],[79.78731,23.45942],[79.78738,23.45985],[79.78943,23.46108],[79.79052,23.46357],[79.79276,23.46495],[79.79373,23.4651],[79.7965,23.46321],[79.79927,23.465],[79.80156,23.46551],[79.80225,23.46607],[79.80472,23.46396],[79.80595,23.46343]]]}},{"type":"Feature","properties":{"name":"Shahpura","approximate":false},"geometry":{"type":"Polygon","coordinates":[[[79.56596,23.26801],[79.5666,23.26815],[79.56683,23.26755],[79.56729,23.26801],[79.56744,23.26744],[79.5682,23.26755],[79.56892,23.26698],[79.56903,23.2664],[79.5697,23.26649],[79.57018,23.26603],[79.57069,23.26638],[79.57084,23.26591],[79.57138,23.26597],[79.57055,23.26394],[79.56707,23.26341],[79.56781,23.26209],[79.56679,23.26107],[79.56704,23.26035],[79.56769,23.26041],[79.56781,23.25996],[79.56829,23.26017],[79.56843,23.25949],[79.56915,23.25957],[79.56887,23.25854],[79.57032,23.25715],[79.57102,23.25712],[79.57138,23.25623],[79.57082,23.25582],[79.57027,23.25587],[79.57008,23.25541],[79.56934,23.25507],[79.56897,23.25558],[79.56848,23.25479],[79.56736,23.25484],[79.56726,23.25397],[79.56641,23.25244],[79.56713,23.25156],[79.56812,23.25123],[79.56961,23.24889],[79.56999,23.24799],[79.56995,23.24696],[79.56866,23.24588],[79.56527,23.24456],[79.56255,23.2442],[79.56182,23.24446],[79.56118,23.24582],[79.56112,23.24854],[79.56163,23.25041],[79.56086,23.25104],[79.55917,23.25069],[79.55794,23.25001],[79.55513,23.24756],[79.5511,23.23991],[79.54848,23.23715],[79.5491,23.23702],[79.54983,23.23599],[79.55112,23.23718],[79.5517,23.2372],[79.55302,23.23554],[79.55351,23.23573],[79.55395,23.23683],[79.55522,23.23654],[79.55577,23.23623],[79.55658,23.23427],[79.55702,23.23451],[79.557,23.23648],[79.55861,23.23603],[79.56121,23.23771],[79.56152,23.23728],[79.56154,23.23583],[79.56277,23.23474],[79.56386,23.23417],[79.56479,23.23503],[79.56531,23.23509],[79.56607,23.23451],[79.56718,23.23202],[79.56718,23.23067],[79.56766,23.23047],[79.56857,23.23055],[79.56992,23.23182],[79.57081,23.23144],[79.57247,23.23199],[79.57311,23.23129],[79.57366,23.23129],[79.57475,23.23261],[79.57532,23.23222],[79.5757,23.23094],[79.57626,23.23035],[79.57817,23.23132],[79.57906,23.2306],[79.58021,23.23046],[79.58077,23.23074],[79.58145,23.23029],[79.5836,23.2309],[79.58413,23.23066],[79.5843,23.23016],[79.5835,23.22965],[79.58354,23.22939],[79.58476,23.22795],[79.58529,23.22613],[79.58688,23.22594],[79.58787,23.22476],[79.58786,23.22447],[79.58681,23.22449],[79.58715,23.2234],[79.58652,23.22248],[79.5876,23.22093],[79.58939,23.22056],[79.58931,23.21824],[79.59131,23.21885],[79.59321,23.21786],[79.59346,23.21679],[79.59308,23.21573],[79.59322,23.21508],[79.59569,23.21579],[79.59626,23.21537],[79.59623,23.21439],[79.59659,23.21422],[79.59795,23.21528],[79.59929,23.2149],[79.60034,23.2153],[79.6017,23.215],[79.60161,23.21465],[79.60265,23.2131],[79.60274,23.20941],[79.60257,23.20835],[79.60206,23.20778],[79.60111,23.20751],[79.60376,23.20422],[79.6071,23.20432],[79.60823,23.20355],[79.60887,23.20183],[79.60745,23.19985],[79.60737,23.19854],[79.60837,23.19724],[79.61291,23.19332],[79.61942,23.19317],[79.6249,23.19212],[79.62867,23.19194],[79.63265,23.1981],[79.63325,23.1999],[79.63196,23.20291],[79.63226,23.20403],[79.63322,23.20536],[79.63349,23.20739],[79.63251,23.20993],[79.63053,23.21271],[79.63057,23.21304],[79.63181,23.21488],[79.63238,23.21668],[79.63228,23.21791],[79.6335,23.21908],[79.63268,23.22125],[79.6346,23.22145],[79.63556,23.22213],[79.63636,23.22167],[79.64032,23.2213],[79.64424,23.22027],[79.64534,23.21968],[79.64756,23.21728],[79.64859,23.21524],[79.64904,23.21347],[79.64915,23.21001],[79.64888,23.20774],[79.64806,23.20569],[79.64876,23.20558],[79.64998,23.20467],[79.65106,23.20446],[79.65256,23.20535],[79.65499,23.20561],[79.65593,23.20524],[79.65657,23.20644],[79.65846,23.2059],[79.66025,23.2048],[79.6611,23.20346],[79.66224,23.20283],[79.66231,23.2023],[79.66182,23.2015],[79.6621,23.20119],[79.66318,23.20125],[79.66335,23.20018],[79.66251,23.19944],[79.66314,23.19872],[79.66703,23.1992],[79.67477,23.20192],[79.67619,23.20269],[79.67806,23.20488],[79.67989,23.2059],[79.68165,23.20621],[79.68278,23.2049],[79.6826,23.20245],[79.6837,23.20072],[79.68431,23.19884],[79.68509,23.19862],[79.68591,23.19782],[79.68609,23.1945],[79.6853,23.19324],[79.68546,23.1914],[79.68512,23.19046],[79.68524,23.18977],[79.68573,23.18934],[79.6861,23.18941],[79.68589,23.19],[79.68616,23.19026],[79.68876,23.19013],[79.69029,23.18965],[79.69118,23.1905],[79.69243,23.19006],[79.69315,23.18855],[79.69386,23.18869],[79.69486,23.18833],[79.69901,23.19062],[79.70686,23.18835],[79.7077,23.18939],[79.70836,23.19155],[79.70787,23.19437],[79.71657,23.19617],[79.71982,23.19639],[79.72037,23.20297],[79.72453,23.20594],[79.72668,23.20588],[79.73236,23.20406],[79.73713,23.20385],[79.73865,23.20333],[79.74868,23.20399],[79.75203,23.2047],[79.7588,23.20414],[79.7601,23.20364],[79.75949,23.19952],[79.7601,23.19806],[79.7655,23.19736],[79.78017,23.19617],[79.78261,23.19635],[79.78419,23.19735],[79.78694,23.19832],[79.79326,23.19733],[79.7954,23.19804],[79.79702,23.19383],[79.79849,23.19176],[79.80048,23.19076],[79.80018,23.18945],[79.8001,23.18154],[79.80789,23.18276],[79.81155,23.18389],[79.82029,23.18486],[79.82493,23.18509],[79.828,23.18407],[79.82644,23.17731],[79.82646,23.17569],[79.82603,23.17537],[79.8237,23.17545],[79.82342,23.17458],[79.81767,23.17465],[79.81629,23.1735],[79.8133,23.17431],[79.81104,23.17432],[79.81041,23.1721],[79.80912,23.17049],[79.80562,23.17029],[79.80208,23.16931],[79.8019,23.16765],[79.80055,23.16563],[79.80054,23.164],[79.80172,23.16218],[79.80222,23.16256],[79.80581,23.16213],[79.80909,23.16088],[79.81046,23.15987],[79.81147,23.16145],[79.81269,23.16152],[79.81354,23.16235],[79.81361,23.16364],[79.81418,23.1636],[79.81456,23.16415],[79.81569,23.16413],[79.81625,23.16442],[79.81713,23.16227],[79.81861,23.16247],[79.8214,23.16161],[79.82118,23.16004],[79.82177,23.1586],[79.82113,23.15334],[79.82201,23.1523],[79.82092,23.15122],[79.82042,23.15123],[79.82044,23.15041],[79.81969,23.14982],[79.81998,23.14907],[79.81919,23.14895],[79.81825,23.14817],[79.81853,23.14734],[79.81796,23.14732],[79.8175,23.14663],[79.81786,23.14627],[79.81778,23.14542],[79.81845,23.14488],[79.81846,23.14433],[79.81968,23.14473],[79.82036,23.14414],[79.82089,23.14442],[79.82176,23.14324],[79.82124,23.1425],[79.82002,23.14227],[79.81945,23.14103],[79.81869,23.14097],[79.81809,23.14031],[79.81736,23.14015],[79.81689,23.13925],[79.81707,23.13855],[79.81545,23.13968],[79.81493,23.1408],[79.81457,23.14076],[79.81438,23.14011],[79.81326,23.14042],[79.81296,23.14011],[79.81319,23.13939],[79.81195,23.1386],[79.81217,23.13811],[79.81185,23.13794],[79.81194,23.13748],[79.81107,23.13702],[79.80995,23.13763],[79.80962,23.13646],[79.80925,23.13621],[79.80753,23.13595],[79.80407,23.13729],[79.80285,23.13661],[79.79982,23.13699],[79.79833,23.13687],[79.79789,23.13653],[79.79797,23.13546],[79.79885,23.13352],[79.7972,23.1315],[79.79704,23.13072],[79.79559,23.12977],[79.79643,23.1278],[79.79806,23.12679],[79.80096,23.12578],[79.80445,23.12602],[79.80832,23.12557],[79.81259,23.12576],[79.81514,23.12525],[79.81696,23.12386],[79.81723,23.12173],[79.8192,23.11694],[79.82132,23.11519],[79.82303,23.11436],[79.82213,23.11289],[79.82224,23.11219],[79.82071,23.11095],[79.8198,23.1095],[79.81884,23.10907],[79.81886,23.10832],[79.81788,23.10732],[79.81726,23.10555],[79.81721,23.10315],[79.81693,23.10258],[79.81278,23.10221],[79.80918,23.10252],[79.80817,23.10206],[79.80829,23.10033],[79.80931,23.09814],[79.80919,23.09714],[79.80818,23.09496],[79.80802,23.09325],[79.8075,23.092],[79.80701,23.09174],[79.80683,23.08998],[79.80799,23.08967],[79.80879,23.08904],[79.81399,23.08952],[79.81559,23.08926],[79.81638,23.08761],[79.81581,23.08699],[79.81579,23.08603],[79.81537,23.08566],[79.81457,23.08547],[79.8132,23.0862],[79.81303,23.08604],[79.81408,23.08423],[79.81313,23.08366],[79.81284,23.08234],[79.8138,23.08129],[79.81375,23.08081],[79.81183,23.08086],[79.81123,23.07959],[79.80974,23.07921],[79.80921,23.07869],[79.80935,23.07747],[79.809,23.07638],[79.81027,23.076],[79.81112,23.07417],[79.81055,23.07276],[79.81074,23.07175],[79.81008,23.07125],[79.80972,23.0701],[79.80897,23.07008],[79.80898,23.06927],[79.80716,23.06942],[79.80663,23.06773],[79.80624,23.06863],[79.80579,23.06836],[79.80575,23.06649],[79.80507,23.0659],[79.80532,23.06536],[79.80472,23.06516],[79.80513,23.06477],[79.80471,23.06452],[79.80495,23.06379],[79.80422,23.06394],[79.80456,23.06311],[79.80365,23.06294],[79.80311,23.06145],[79.80236,23.06083],[79.80326,23.06083],[79.80352,23.06046],[79.80314,23.05981],[79.80224,23.05988],[79.80243,23.05924],[79.80167,23.05927],[79.80161,23.05851],[79.80114,23.05804],[79.8014,23.05763],[79.80219,23.05772],[79.80628,23.05667],[79.8089,23.05364],[79.81005,23.05042],[79.80969,23.04763],[79.7979,23.04609],[79.79125,23.0467],[79.78488,23.04322],[79.78199,23.04276],[79.78056,23.04208],[79.78047,23.04004],[79.7834,23.03358],[79.78333,23.02875],[79.78361,23.02606],[79.78264,23.02435],[79.7828,23.02331],[79.78434,23.02129],[79.78666,23.01976],[79.78732,23.0184],[79.78798,23.01148],[79.78736,23.00695],[79.78001,23.00605],[79.77665,23.00495],[79.77003,23.00431],[79.76441,23.0042],[79.76335,23.00362],[79.7627,22.99629],[79.76322,22.9928],[79.76445,22.98889],[79.76505,22.9854],[79.76605,22.98342],[79.76542,22.9811],[79.76508,22.98082],[79.77768,22.9842],[79.78006,22.98555],[79.77862,22.98122],[79.778,22.97831],[79.77822,22.9754],[79.78015,22.97026],[79.77865,22.9704],[79.77315,22.96747],[79.77096,22.96359],[79.76509,22.95791],[79.76331,22.96031],[79.76228,22.96079],[79.75942,22.9609],[79.75362,22.96026],[79.75192,22.96037],[79.74852,22.96133],[79.7441,22.96158],[79.74153,22.96237],[79.73906,22.96371],[79.73755,22.95893],[79.73795,22.95581],[79.73787,22.95365],[79.73627,22.94997],[79.73326,22.93859],[79.73646,22.93493],[79.73854,22.93514],[79.74218,22.93437],[79.74367,22.93445],[79.74477,22.93506],[79.74775,22.93832],[79.75015,22.9361],[79.75553,22.93001],[79.75681,22.92769],[79.75473,22.92465],[79.74929,22.92096],[79.74757,22.92057],[79.74527,22.91931],[79.74363,22.92043],[79.74101,22.92091],[79.73341,22.91984],[79.73016,22.91973],[79.72364,22.92232],[79.7179,22.92267],[79.71614,22.92423],[79.70692,22.9237],[79.70393,22.9248],[79.70177,22.92455],[79.70086,22.92549],[79.69473,22.9238],[79.69082,22.92473],[79.68537,22.92392],[79.68603,22.92749],[79.68692,22.92987],[79.67884,22.92674],[79.67277,22.92811],[79.67019,22.92506],[79.66908,22.92433],[79.66499,22.92339],[79.65644,22.92342],[79.65444,22.92514],[79.65228,22.92526],[79.6488,22.92643],[79.64851,22.92771],[79.64646,22.93035],[79.64328,22.9379],[79.64177,22.9397],[79.6395,22.94459],[79.63187,22.94411],[79.63075,22.9456],[79.62985,22.94578],[79.62982,22.94721],[79.62941,22.94785],[79.62952,22.94908],[79.6274,22.94985],[79.62609,22.95389],[79.62247,22.95555],[79.6243,22.96046],[79.62407,22.96386],[79.6227,22.96784],[79.62692,22.96858],[79.63181,22.96873],[79.63824,22.9708],[79.6385,22.97101],[79.63785,22.97314],[79.63828,22.97341],[79.64008,22.97264],[79.64046,22.97283],[79.64055,22.97497],[79.64314,22.97832],[79.64307,22.97897],[79.64002,22.98171],[79.63511,22.98464],[79.63318,22.98814],[79.63267,22.98852],[79.63087,22.98879],[79.6283,22.98977],[79.62799,22.99045],[79.62831,22.99254],[79.6274,22.99328],[79.6229,22.99458],[79.6219,22.99435],[79.61959,22.99284],[79.61835,22.99243],[79.61638,22.99222],[79.61512,22.99258],[79.61491,22.99325],[79.61641,22.99701],[79.61671,23.00155],[79.61646,23.00319],[79.61515,23.00469],[79.61354,23.00399],[79.60901,23.00519],[79.60738,23.0064],[79.6074,23.00831],[79.60564,23.00996],[79.60551,23.01131],[79.60618,23.01362],[79.60935,23.01713],[79.60943,23.01829],[79.60886,23.01956],[79.60678,23.02023],[79.6044,23.0196],[79.60222,23.02179],[79.60129,23.02211],[79.59457,23.02049],[79.59309,23.02039],[79.59065,23.02206],[79.5903,23.02312],[79.59108,23.02517],[79.59207,23.02661],[79.59456,23.02887],[79.59727,23.03063],[79.59888,23.03403],[79.59913,23.03682],[79.59842,23.03874],[79.59726,23.04029],[79.5945,23.04234],[79.59391,23.04337],[79.59379,23.04541],[79.59485,23.04769],[79.59903,23.05143],[79.59972,23.05288],[79.59954,23.05382],[79.59654,23.05782],[79.5964,23.05944],[79.60008,23.06307],[79.60109,23.06478],[79.60186,23.06517],[79.60621,23.06572],[79.60793,23.06704],[79.60821,23.06774],[79.60831,23.06917],[79.60791,23.07119],[79.60651,23.07453],[79.60641,23.07616],[79.60712,23.0803],[79.60814,23.08308],[79.60875,23.08596],[79.60844,23.08826],[79.60779,23.08858],[79.60583,23.08724],[79.60611,23.08585],[79.60585,23.08479],[79.60538,23.08441],[79.60391,23.0837],[79.60242,23.08341],[79.60174,23.08397],[79.60165,23.08603],[79.60046,23.09016],[79.60029,23.09187],[79.60118,23.09271],[79.60323,23.09284],[79.60613,23.09125],[79.60884,23.09099],[79.6116,23.09016],[79.61281,23.09012],[79.6136,23.09044],[79.61407,23.09089],[79.61433,23.09188],[79.61421,23.09335],[79.61351,23.09482],[79.61262,23.09557],[79.60816,23.09715],[79.60767,23.09787],[79.60765,23.09865],[79.60807,23.09966],[79.60924,23.1009],[79.61495,23.10321],[79.61574,23.10444],[79.6157,23.10535],[79.60503,23.10706],[79.59583,23.11075],[79.59106,23.11088],[79.58813,23.11061],[79.58444,23.11116],[79.58173,23.11206],[79.5806,23.11315],[79.5799,23.11436],[79.57756,23.12636],[79.57434,23.13241],[79.5714,23.13446],[79.56748,23.13586],[79.55767,23.13682],[79.54445,23.13966],[79.53507,23.13976],[79.52006,23.1435],[79.51427,23.1428],[79.50924,23.14022],[79.50691,23.13859],[79.50384,23.13575],[79.49853,23.13002],[79.49108,23.12515],[79.48748,23.12329],[79.48077,23.11876],[79.47902,23.11736],[79.4762,23.1143],[79.46983,23.10623],[79.46273,23.10019],[79.45995,23.09871],[79.45815,23.0983],[79.45313,23.09877],[79.4513,23.09972],[79.44119,23.10664],[79.43802,23.10786],[79.43485,23.10818],[79.43144,23.10808],[79.42439,23.10608],[79.41845,23.10496],[79.41228,23.10302],[79.40585,23.1001],[79.40519,23.0999],[79.40348,23.1002],[79.39991,23.10114],[79.39855,23.10187],[79.39521,23.10431],[79.38815,23.11116],[79.38389,23.11274],[79.38176,23.11302],[79.37806,23.11282],[79.37356,23.1109],[79.3681,23.10795],[79.36432,23.10646],[79.36186,23.10601],[79.35777,23.10627],[79.35119,23.10732],[79.34682,23.10735],[79.35018,23.11085],[79.35204,23.11382],[79.35223,23.12071],[79.3533,23.12556],[79.35309,23.12552],[79.35365,23.12684],[79.35745,23.12951],[79.35792,23.13047],[79.35736,23.13157],[79.35243,23.13544],[79.35145,23.13789],[79.35154,23.13868],[79.35244,23.1402],[79.35514,23.14305],[79.35659,23.1441],[79.36101,23.14602],[79.36469,23.14808],[79.37356,23.15647],[79.37358,23.15984],[79.37316,23.16021],[79.37294,23.16111],[79.3734,23.16258],[79.37342,23.16392],[79.37088,23.16743],[79.37295,23.16866],[79.38441,23.17316],[79.39142,23.17647],[79.39144,23.17704],[79.41084,23.18764],[79.41681,23.19023],[79.42361,23.19434],[79.42784,23.19822],[79.42822,23.19918],[79.42802,23.20052],[79.42867,23.20134],[79.43644,23.20678],[79.43797,23.20879],[79.45167,23.2194],[79.45428,23.22241],[79.45716,23.22655],[79.46345,23.2298],[79.46631,23.23211],[79.47014,23.23437],[79.47156,23.23609],[79.4753,23.2379],[79.47739,23.24065],[79.47769,23.24234],[79.47863,23.24386],[79.48023,23.245],[79.48305,23.24629],[79.48544,23.24841],[79.48695,23.24931],[79.48762,23.25014],[79.48747,23.25052],[79.48784,23.25154],[79.48883,23.25307],[79.48892,23.25696],[79.49198,23.26],[79.49291,23.26128],[79.49298,23.26185],[79.49268,23.26281],[79.48949,23.26301],[79.48806,23.26369],[79.48828,23.26402],[79.48867,23.26384],[79.49006,23.26432],[79.49197,23.26412],[79.49473,23.26341],[79.49857,23.26158],[79.5037,23.26412],[79.50763,23.26671],[79.51122,23.2682],[79.51578,23.26834],[79.52485,23.26726],[79.53144,23.26578],[79.53248,23.26495],[79.53265,23.26339],[79.53233,23.26233],[79.53105,23.26156],[79.53087,23.26025],[79.5321,23.25959],[79.53307,23.26041],[79.53387,23.26054],[79.53493,23.26128],[79.53685,23.26172],[79.53862,23.26255],[79.5411,23.26458],[79.54352,23.26547],[79.54533,23.26691],[79.55538,23.27063],[79.55591,23.27128],[79.55664,23.2715],[79.55754,23.2728],[79.55886,23.27339],[79.56097,23.27555],[79.56463,23.27678],[79.56583,23.27655],[79.56879,23.27405],[79.56845,23.27316],[79.56849,23.27178],[79.56652,23.27043],[79.56596,23.26801]]]}},{"type":"Feature","properties":{"name":"Panagar","approximate":false},"geometry":{"type":"Polygon","coordinates":[[[79.93888,23.38873],[79.93844,23.38713],[79.93864,23.38653],[79.93937,23.38612],[79.94116,23.38716],[79.94208,23.38717],[79.94273,23.38656],[79.94357,23.38671],[79.94394,23.38813],[79.94295,23.38937],[79.94364,23.39001],[79.94607,23.38773],[79.94604,23.38624],[79.9464,23.3857],[79.94727,23.38592],[79.94733,23.38776],[79.9482,23.38802],[79.9488,23.38785],[79.94914,23.3865],[79.95031,23.386],[79.95143,23.38464],[79.95152,23.38388],[79.95111,23.38345],[79.95034,23.38334],[79.94798,23.38402],[79.94723,23.38328],[79.94713,23.38258],[79.94738,23.38234],[79.94904,23.38225],[79.94955,23.38116],[79.95098,23.37984],[79.95124,23.37819],[79.95175,23.3773],[79.95121,23.37533],[79.95139,23.37483],[79.95216,23.37487],[79.95331,23.37636],[79.95401,23.37563],[79.95464,23.37568],[79.95486,23.37533],[79.95722,23.37564],[79.9574,23.37438],[79.95688,23.37374],[79.95676,23.37196],[79.95714,23.37141],[79.95843,23.37076],[79.95859,23.37031],[79.95812,23.36937],[79.95875,23.36896],[79.95924,23.36765],[79.96142,23.36453],[79.96133,23.36386],[79.96009,23.36192],[79.96328,23.3624],[79.96483,23.36347],[79.9664,23.36286],[79.96642,23.36155],[79.96668,23.36123],[79.96938,23.3619],[79.96985,23.36017],[79.96913,23.35891],[79.96986,23.3584],[79.96938,23.35738],[79.97203,23.3558],[79.97243,23.35486],[79.97438,23.35247],[79.97576,23.349],[79.97761,23.34831],[79.97768,23.3476],[79.97807,23.34743],[79.97985,23.34712],[79.98122,23.34737],[79.98288,23.34679],[79.98335,23.3452],[79.9854,23.34543],[79.98601,23.34513],[79.98648,23.34441],[79.98734,23.34407],[79.98726,23.34512],[79.98802,23.3465],[79.98846,23.34649],[79.9889,23.34581],[79.98954,23.3464],[79.99181,23.34696],[79.99247,23.34736],[79.99247,23.34844],[79.99283,23.34887],[79.99438,23.3488],[79.99516,23.34935],[79.99596,23.34818],[79.99943,23.34594],[80.00117,23.34617],[80.00107,23.3467],[80.00152,23.34697],[80.00167,23.3463],[80.00235,23.34671],[80.0023,23.34605],[80.0028,23.34626],[80.00277,23.3457],[80.00317,23.34611],[80.00444,23.34527],[80.0073,23.34543],[80.00782,23.34574],[80.00807,23.345],[80.00907,23.34482],[80.00959,23.34388],[80.01031,23.34339],[80.01075,23.34191],[80.01198,23.34172],[80.01307,23.34082],[80.01383,23.34162],[80.01578,23.34104],[80.01701,23.34182],[80.01767,23.341],[80.01846,23.34127],[80.01898,23.34085],[80.02029,23.34146],[80.02107,23.34112],[80.02185,23.34153],[80.02328,23.34152],[80.02394,23.34187],[80.02535,23.34354],[80.02765,23.34389],[80.02775,23.3459],[80.02857,23.34685],[80.02826,23.34757],[80.0288,23.35056],[80.03095,23.35175],[80.03182,23.35159],[80.03232,23.35246],[80.03316,23.35267],[80.03311,23.35335],[80.03455,23.35404],[80.03546,23.35534],[80.03551,23.35565],[80.03498,23.35617],[80.03555,23.35633],[80.03585,23.35697],[80.03596,23.35642],[80.03678,23.35651],[80.03737,23.35764],[80.03851,23.3576],[80.03908,23.35789],[80.03929,23.35766],[80.03883,23.35638],[80.04057,23.35644],[80.0413,23.35577],[80.04115,23.35477],[80.04154,23.35452],[80.04215,23.35457],[80.04229,23.35529],[80.04289,23.3556],[80.0432,23.35518],[80.04442,23.3557],[80.04574,23.3554],[80.04569,23.35472],[80.04608,23.35437],[80.04556,23.35331],[80.04607,23.35263],[80.04586,23.34956],[80.04865,23.35071],[80.05347,23.34879],[80.05375,23.34884],[80.0536,23.34928],[80.05713,23.34978],[80.0578,23.35044],[80.05914,23.35028],[80.05951,23.35077],[80.06214,23.35052],[80.06239,23.35004],[80.06576,23.35048],[80.06614,23.34991],[80.06805,23.34922],[80.0685,23.34845],[80.06974,23.34821],[80.06928,23.34596],[80.06971,23.34572],[80.06964,23.3451],[80.07045,23.34471],[80.07028,23.34398],[80.07082,23.34384],[80.07115,23.34332],[80.07199,23.34362],[80.07272,23.34252],[80.07363,23.34342],[80.07499,23.34294],[80.07515,23.34162],[80.07649,23.3408],[80.07879,23.34016],[80.08052,23.34028],[80.08115,23.33997],[80.08101,23.33928],[80.08138,23.33795],[80.08308,23.33716],[80.08351,23.33665],[80.08288,23.33415],[80.08612,23.33459],[80.0889,23.33436],[80.09099,23.33327],[80.09289,23.33085],[80.09496,23.33093],[80.09564,23.33055],[80.09671,23.32896],[80.09767,23.32814],[80.1008,23.32724],[80.10258,23.32614],[80.10457,23.32567],[80.1057,23.32507],[80.10751,23.3275],[80.1081,23.32995],[80.10916,23.33037],[80.10812,23.33296],[80.10912,23.33609],[80.10926,23.33799],[80.11384,23.33969],[80.11641,23.34123],[80.11989,23.34182],[80.1213,23.34301],[80.12471,23.34319],[80.12717,23.34245],[80.12695,23.34179],[80.1273,23.34039],[80.12638,23.33861],[80.12707,23.3373],[80.12676,23.33562],[80.12707,23.33443],[80.12671,23.3316],[80.12695,23.33126],[80.12934,23.32949],[80.13254,23.32599],[80.1354,23.32341],[80.1375,23.32191],[80.13836,23.32043],[80.15012,23.31359],[80.15263,23.31347],[80.16013,23.30404],[80.16341,23.30319],[80.16813,23.30131],[80.16699,23.2967],[80.16705,23.29551],[80.16782,23.29426],[80.16943,23.2939],[80.17817,23.2936],[80.17927,23.29271],[80.17971,23.29122],[80.17952,23.28974],[80.17507,23.28321],[80.17411,23.28042],[80.17443,23.27893],[80.17757,23.27662],[80.17969,23.27628],[80.18056,23.27524],[80.18398,23.27463],[80.18395,23.27377],[80.18536,23.27337],[80.18835,23.26928],[80.18952,23.26889],[80.19015,23.26778],[80.19284,23.2691],[80.1952,23.26943],[80.19627,23.26857],[80.19648,23.26766],[80.19826,23.26707],[80.19883,23.26609],[80.19916,23.26604],[80.1996,23.26612],[80.20134,23.26785],[80.20291,23.26845],[80.20321,23.26944],[80.20361,23.26952],[80.20405,23.26941],[80.20437,23.2687],[80.20565,23.26835],[80.20681,23.26761],[80.20732,23.26681],[80.20748,23.26426],[80.20656,23.26415],[80.20554,23.26518],[80.20322,23.26412],[80.2022,23.26308],[80.20329,23.261],[80.20285,23.25945],[80.2017,23.26007],[80.19878,23.25983],[80.19491,23.2603],[80.19225,23.25853],[80.19012,23.25507],[80.19001,23.25417],[80.18826,23.25148],[80.1882,23.25053],[80.18983,23.24745],[80.18562,23.24544],[80.1839,23.2462],[80.18148,23.24787],[80.17773,23.25122],[80.17462,23.25452],[80.17334,23.25522],[80.17066,23.25597],[80.16811,23.25421],[80.1673,23.25397],[80.16659,23.25222],[80.16524,23.25156],[80.1645,23.25067],[80.1634,23.25108],[80.16098,23.25088],[80.15502,23.24684],[80.15678,23.2458],[80.16457,23.24405],[80.1681,23.24283],[80.16813,23.24244],[80.1633,23.24057],[80.16244,23.23783],[80.1689,23.23701],[80.16359,23.2303],[80.14901,23.22792],[80.13423,23.23018],[80.12486,23.22836],[80.1246,23.22923],[80.12032,23.22741],[80.1151,23.22692],[80.10979,23.2254],[80.10939,23.22629],[80.10948,23.22703],[80.10904,23.22693],[80.10869,23.22667],[80.10842,23.2257],[80.10631,23.22329],[80.10615,23.2215],[80.10572,23.221],[80.10623,23.21978],[80.10454,23.21813],[80.10319,23.2128],[80.09348,23.20968],[80.09954,23.20823],[80.10256,23.20846],[80.10151,23.19743],[80.10245,23.19314],[80.10278,23.19226],[80.109,23.19112],[80.10831,23.18916],[80.10653,23.18857],[80.10475,23.18858],[80.10349,23.18505],[80.10369,23.18242],[80.10666,23.1798],[80.10727,23.17867],[80.1072,23.17738],[80.10555,23.17485],[80.1072,23.17471],[80.10785,23.17409],[80.10698,23.1707],[80.10594,23.16907],[80.09807,23.16699],[80.09622,23.16437],[80.09477,23.16134],[80.09121,23.16124],[80.08986,23.16308],[80.08581,23.16238],[80.08454,23.16078],[80.08464,23.15881],[80.08388,23.15737],[80.08305,23.15459],[80.08291,23.1484],[80.08155,23.14594],[80.07969,23.14462],[80.0772,23.14409],[80.07643,23.14457],[80.07592,23.14592],[80.07534,23.14645],[80.07282,23.14664],[80.07087,23.14602],[80.07,23.14541],[80.06914,23.14332],[80.06981,23.13455],[80.07078,23.12852],[80.07369,23.12882],[80.07483,23.12934],[80.0761,23.13063],[80.07787,23.13036],[80.07816,23.1309],[80.07993,23.12999],[80.08207,23.13115],[80.083,23.13099],[80.08375,23.1304],[80.0855,23.13077],[80.08885,23.13038],[80.09038,23.13064],[80.09067,23.12963],[80.09113,23.12927],[80.09315,23.13027],[80.09314,23.12965],[80.09485,23.12716],[80.09518,23.12549],[80.10675,23.12549],[80.10359,23.12433],[80.10136,23.12113],[80.09954,23.11936],[80.10014,23.11828],[80.10024,23.11672],[80.09951,23.11498],[80.09832,23.11422],[80.09827,23.11188],[80.09077,23.11067],[80.0818,23.11009],[80.07766,23.10857],[80.07363,23.11254],[80.07089,23.11681],[80.06969,23.118],[80.06843,23.12069],[80.06698,23.12274],[80.06415,23.1255],[80.0603,23.1255],[80.05697,23.12592],[80.05529,23.12584],[80.05411,23.1255],[80.05408,23.12515],[80.04585,23.12515],[80.04069,23.1255],[80.03492,23.12422],[80.03163,23.12272],[80.032,23.1255],[80.03368,23.12996],[80.03583,23.13275],[80.03543,23.13398],[80.03611,23.13733],[80.03585,23.13801],[80.03639,23.13934],[80.03573,23.14028],[80.03769,23.14634],[80.03755,23.14691],[80.03555,23.1478],[80.03436,23.14885],[80.03283,23.14837],[80.03216,23.14689],[80.03446,23.14622],[80.03371,23.14381],[80.03427,23.14282],[80.03396,23.14252],[80.03321,23.1426],[80.03324,23.14158],[80.03097,23.14125],[80.0307,23.13959],[80.03021,23.13884],[80.02797,23.13951],[80.026,23.13955],[80.02526,23.13925],[80.02283,23.13713],[80.02037,23.13759],[80.01548,23.13917],[80.01363,23.1408],[80.01067,23.14263],[80.00891,23.1431],[80.00891,23.1437],[80.01277,23.14632],[80.01544,23.14593],[80.01858,23.14596],[80.01931,23.14565],[80.01995,23.14477],[80.0203,23.14346],[80.02163,23.14243],[80.023,23.14278],[80.02455,23.14632],[80.02511,23.14696],[80.02666,23.14712],[80.02945,23.14664],[80.03165,23.15041],[80.03281,23.15105],[80.03732,23.15125],[80.03775,23.15184],[80.03848,23.15514],[80.04093,23.15586],[80.0421,23.15674],[80.04041,23.15996],[80.0393,23.16064],[80.03517,23.15709],[80.03323,23.15617],[80.02539,23.15501],[80.02511,23.15588],[80.02341,23.15705],[80.02093,23.15798],[80.01709,23.1584],[80.01629,23.15896],[80.0147,23.1591],[80.01206,23.16192],[80.00999,23.16332],[80.00375,23.16582],[80.00034,23.16674],[79.99591,23.16731],[79.98435,23.16825],[79.98066,23.17001],[79.97749,23.17001],[79.9727,23.17076],[79.97218,23.17259],[79.96976,23.17454],[79.96345,23.17395],[79.96408,23.17687],[79.96534,23.18931],[79.96765,23.19757],[79.97197,23.19825],[79.97333,23.19126],[79.97985,23.19184],[79.98816,23.1881],[79.99047,23.18858],[80.00177,23.19694],[80.00367,23.20044],[80.00924,23.20535],[80.00535,23.21371],[80.00325,23.21672],[80.00051,23.21964],[79.99957,23.2211],[79.99867,23.22119],[79.9952,23.22046],[79.98852,23.21658],[79.98521,23.21624],[79.98085,23.21633],[79.97501,23.2175],[79.97296,23.21915],[79.96555,23.21657],[79.96108,23.21725],[79.9574,23.21856],[79.94819,23.21968],[79.94378,23.21973],[79.93552,23.21792],[79.93458,23.217],[79.933,23.21195],[79.93221,23.21141],[79.92448,23.21155],[79.9218,23.21262],[79.91807,23.21471],[79.91444,23.21553],[79.90972,23.21481],[79.90471,23.21208],[79.90203,23.20926],[79.89857,23.20833],[79.89767,23.20658],[79.89842,23.19667],[79.90425,23.1956],[79.90567,23.19502],[79.90499,23.19274],[79.89703,23.18691],[79.89649,23.18742],[79.89607,23.18721],[79.89578,23.18564],[79.89634,23.18508],[79.89629,23.18467],[79.89591,23.18382],[79.89475,23.18362],[79.89439,23.18274],[79.89366,23.18266],[79.89313,23.18202],[79.89264,23.18195],[79.89199,23.17751],[79.88898,23.17745],[79.88761,23.17694],[79.88674,23.17622],[79.88379,23.17795],[79.88192,23.17865],[79.8782,23.17962],[79.87283,23.18008],[79.86766,23.17981],[79.85233,23.17757],[79.85276,23.18548],[79.85396,23.18547],[79.8563,23.18467],[79.85755,23.18597],[79.85951,23.18651],[79.86467,23.18666],[79.8649,23.18936],[79.8645,23.19092],[79.86542,23.19237],[79.86509,23.19524],[79.86674,23.19422],[79.86629,23.19604],[79.86647,23.19646],[79.86767,23.1958],[79.86801,23.19738],[79.86785,23.19919],[79.86821,23.20027],[79.86768,23.20063],[79.86753,23.2012],[79.86788,23.20329],[79.86558,23.20351],[79.8656,23.20538],[79.86305,23.20501],[79.86205,23.20548],[79.86089,23.20534],[79.86072,23.20566],[79.86125,23.21038],[79.86106,23.21331],[79.86187,23.2134],[79.86221,23.21396],[79.86313,23.2143],[79.86364,23.21421],[79.86401,23.21451],[79.86447,23.21424],[79.86542,23.21522],[79.86581,23.21729],[79.865,23.21918],[79.86552,23.2206],[79.86392,23.22276],[79.86406,23.22515],[79.86169,23.22456],[79.86175,23.22542],[79.8607,23.22578],[79.85832,23.22586],[79.85817,23.22532],[79.85853,23.2242],[79.85744,23.22456],[79.8561,23.22452],[79.85396,23.22326],[79.8536,23.2242],[79.85284,23.2242],[79.85176,23.22505],[79.84974,23.2253],[79.85013,23.22595],[79.84822,23.22647],[79.84517,23.22814],[79.84585,23.22905],[79.84572,23.22975],[79.84616,23.23015],[79.84642,23.23126],[79.84585,23.23213],[79.84529,23.23196],[79.8451,23.23229],[79.84563,23.2328],[79.84511,23.23376],[79.84521,23.23508],[79.84412,23.23613],[79.84409,23.23673],[79.84327,23.23659],[79.84321,23.23746],[79.84262,23.23783],[79.84278,23.23838],[79.84168,23.23846],[79.84166,23.23979],[79.84114,23.23996],[79.84195,23.24023],[79.84167,23.24098],[79.842,23.24151],[79.84152,23.24185],[79.84152,23.24316],[79.84191,23.24331],[79.84236,23.24441],[79.8427,23.24369],[79.84412,23.24392],[79.84412,23.24444],[79.84339,23.24509],[79.84374,23.24548],[79.8437,23.24655],[79.84467,23.2467],[79.84448,23.24742],[79.84505,23.24781],[79.84443,23.24815],[79.84446,23.24842],[79.84548,23.24861],[79.84508,23.24937],[79.84577,23.24954],[79.84661,23.24921],[79.84708,23.24861],[79.84721,23.24923],[79.84831,23.24918],[79.8481,23.24978],[79.84838,23.24995],[79.84954,23.24916],[79.84978,23.24933],[79.84927,23.25084],[79.84945,23.2514],[79.84862,23.25198],[79.84914,23.25287],[79.84858,23.25332],[79.84882,23.2541],[79.85012,23.25466],[79.85117,23.25458],[79.85103,23.25378],[79.85284,23.25414],[79.85311,23.25345],[79.8522,23.25354],[79.85214,23.2533],[79.85252,23.25301],[79.85368,23.25299],[79.85508,23.25424],[79.85448,23.25513],[79.85458,23.25547],[79.85495,23.25589],[79.8556,23.25599],[79.85659,23.25726],[79.8583,23.25749],[79.86086,23.25709],[79.86222,23.2572],[79.86192,23.25816],[79.86249,23.25864],[79.86361,23.26155],[79.86385,23.26605],[79.86315,23.26584],[79.86035,23.26626],[79.86058,23.26722],[79.85981,23.26785],[79.85864,23.26793],[79.85748,23.2688],[79.85679,23.26957],[79.85696,23.27063],[79.85609,23.27091],[79.85572,23.27151],[79.84761,23.27285],[79.84481,23.27297],[79.84368,23.27532],[79.84319,23.27726],[79.84331,23.27782],[79.84271,23.27894],[79.84317,23.28069],[79.84317,23.28251],[79.84358,23.28366],[79.84418,23.28349],[79.8447,23.28463],[79.8463,23.29075],[79.84743,23.291],[79.84792,23.29199],[79.84803,23.29409],[79.84778,23.29442],[79.8444,23.29452],[79.84434,23.29509],[79.84358,23.29522],[79.84375,23.29588],[79.84116,23.29661],[79.84148,23.29828],[79.83634,23.29935],[79.83509,23.29975],[79.83409,23.30052],[79.83276,23.30059],[79.8306,23.30308],[79.83058,23.30385],[79.83128,23.3042],[79.8308,23.30465],[79.83166,23.30606],[79.83145,23.3068],[79.83091,23.307],[79.83088,23.30776],[79.83121,23.30826],[79.83081,23.30904],[79.83127,23.30914],[79.83199,23.30875],[79.83396,23.30883],[79.83533,23.30838],[79.83866,23.30849],[79.83865,23.30761],[79.83994,23.30752],[79.84078,23.308],[79.84549,23.30763],[79.8503,23.30831],[79.85658,23.30838],[79.86002,23.30788],[79.85956,23.30661],[79.85991,23.30597],[79.86068,23.30578],[79.86331,23.3062],[79.86389,23.30657],[79.86411,23.30707],[79.86383,23.30781],[79.86274,23.30917],[79.86283,23.31047],[79.86396,23.31123],[79.86589,23.3117],[79.86808,23.31325],[79.86832,23.31395],[79.86815,23.31451],[79.86666,23.31566],[79.86584,23.31682],[79.86537,23.31872],[79.86626,23.31955],[79.86756,23.32],[79.86885,23.31989],[79.87009,23.31925],[79.87087,23.31938],[79.87204,23.32001],[79.87236,23.32064],[79.87211,23.32123],[79.86978,23.32254],[79.86976,23.32317],[79.87055,23.3255],[79.87211,23.32756],[79.87105,23.33122],[79.87102,23.33251],[79.87131,23.33298],[79.87329,23.33362],[79.87394,23.3347],[79.87181,23.33707],[79.87185,23.33898],[79.871,23.34],[79.8692,23.34096],[79.86907,23.34161],[79.86926,23.3422],[79.87049,23.34329],[79.87226,23.34312],[79.87286,23.34341],[79.8731,23.34403],[79.87195,23.34803],[79.8722,23.34857],[79.87316,23.34928],[79.87519,23.34956],[79.87623,23.35033],[79.87766,23.35166],[79.87798,23.3529],[79.87783,23.35351],[79.87659,23.35489],[79.87389,23.3553],[79.8734,23.35568],[79.87235,23.35735],[79.87199,23.35924],[79.87049,23.36044],[79.86993,23.36084],[79.86674,23.3615],[79.86625,23.362],[79.86605,23.3632],[79.86627,23.36388],[79.86723,23.36475],[79.86787,23.36508],[79.87067,23.36428],[79.87198,23.36447],[79.87296,23.36531],[79.87306,23.36592],[79.87226,23.36744],[79.87613,23.36906],[79.87763,23.36878],[79.87835,23.36823],[79.88322,23.36208],[79.88469,23.36229],[79.88865,23.36537],[79.89284,23.36522],[79.89397,23.36707],[79.89589,23.3727],[79.89691,23.37451],[79.90741,23.38227],[79.90851,23.38389],[79.9087,23.38659],[79.90963,23.38776],[79.91238,23.38847],[79.92332,23.38871],[79.92595,23.3894],[79.92632,23.3903],[79.92612,23.39101],[79.92442,23.39282],[79.92382,23.39427],[79.92353,23.39592],[79.9237,23.39732],[79.92493,23.39955],[79.92687,23.40057],[79.92977,23.40117],[79.93034,23.40164],[79.93065,23.40242],[79.93054,23.40454],[79.93077,23.40515],[79.93142,23.40555],[79.93275,23.40533],[79.93411,23.40443],[79.9372,23.40316],[79.9414,23.39973],[79.94269,23.39949],[79.94335,23.39839],[79.94323,23.39764],[79.94204,23.39597],[79.94032,23.3946],[79.93999,23.39247],[79.93908,23.39076],[79.94011,23.38965],[79.93994,23.38926],[79.93888,23.38873]]]}},{"type":"Feature","properties":{"name":"Kundam","approximate":false},"geometry":{"type":"Polygon","coordinates":[[[80.55575,23.37887],[80.55569,23.37727],[80.55299,23.37022],[80.55184,23.36943],[80.54779,23.36779],[80.54556,23.36751],[80.54469,23.36703],[80.54374,23.36604],[80.54187,23.36302],[80.54045,23.36265],[80.54243,23.35367],[80.54701,23.35497],[80.55047,23.35455],[80.55295,23.35483],[80.55612,23.35459],[80.55994,23.35486],[80.56038,23.35416],[80.56725,23.35468],[80.57257,23.35271],[80.57597,23.35187],[80.57405,23.34983],[80.57294,23.34154],[80.57347,23.33868],[80.57312,23.33638],[80.57137,23.33077],[80.57127,23.32853],[80.56781,23.31637],[80.57133,23.31617],[80.57393,23.31511],[80.57513,23.31508],[80.57741,23.31563],[80.57743,23.31411],[80.57817,23.31358],[80.57879,23.31348],[80.58128,23.31415],[80.58249,23.31407],[80.58283,23.31368],[80.58322,23.30894],[80.58375,23.30695],[80.58405,23.30066],[80.58362,23.29799],[80.58461,23.29103],[80.58422,23.28747],[80.58349,23.28453],[80.58278,23.28349],[80.58249,23.28226],[80.57905,23.28189],[80.57136,23.28178],[80.56915,23.27731],[80.56925,23.27278],[80.56839,23.26885],[80.56173,23.27018],[80.55912,23.26989],[80.54903,23.27082],[80.54302,23.27073],[80.54247,23.26495],[80.5426,23.26418],[80.54379,23.26288],[80.54347,23.26238],[80.54131,23.26213],[80.53858,23.26032],[80.53613,23.2592],[80.53338,23.25716],[80.52918,23.25706],[80.52682,23.25735],[80.52262,23.25913],[80.52242,23.25552],[80.52177,23.25378],[80.52075,23.25228],[80.52207,23.24822],[80.52165,23.24065],[80.51724,23.23505],[80.51329,23.22749],[80.50678,23.21667],[80.50609,23.21391],[80.50357,23.21117],[80.50358,23.20519],[80.50305,23.20243],[80.49061,23.20175],[80.48456,23.20201],[80.48052,23.20067],[80.47859,23.20055],[80.47814,23.19957],[80.47935,23.1955],[80.48018,23.19404],[80.4799,23.19316],[80.4852,23.19108],[80.49176,23.18994],[80.49843,23.18733],[80.50352,23.18263],[80.50576,23.17937],[80.50848,23.17632],[80.51023,23.17083],[80.51455,23.17014],[80.51415,23.1689],[80.51843,23.16466],[80.52133,23.15863],[80.52281,23.15421],[80.52963,23.15905],[80.53271,23.16037],[80.53592,23.16116],[80.53788,23.1637],[80.54042,23.16474],[80.54243,23.16643],[80.55191,23.16731],[80.55263,23.16697],[80.55468,23.16466],[80.55463,23.1619],[80.55642,23.15694],[80.55638,23.15496],[80.5558,23.15372],[80.55808,23.15269],[80.55927,23.15144],[80.56221,23.14707],[80.5661,23.14504],[80.56998,23.14431],[80.57605,23.1415],[80.58192,23.13804],[80.58023,23.13466],[80.57756,23.12777],[80.57415,23.12713],[80.57268,23.12515],[80.56745,23.12055],[80.5649,23.11987],[80.55694,23.12198],[80.55399,23.11912],[80.55192,23.11232],[80.54976,23.11011],[80.54197,23.10406],[80.52807,23.1056],[80.5265,23.10567],[80.52583,23.10536],[80.52542,23.10481],[80.52501,23.10183],[80.52488,23.09779],[80.52523,23.09608],[80.52771,23.09007],[80.52856,23.08397],[80.52932,23.08335],[80.52819,23.0779],[80.52582,23.07748],[80.52277,23.07833],[80.52024,23.07849],[80.51646,23.07731],[80.51107,23.07827],[80.5086,23.07956],[80.50731,23.07985],[80.50734,23.08263],[80.50532,23.08397],[80.50608,23.08552],[80.50762,23.08599],[80.50773,23.08669],[80.50951,23.08765],[80.51078,23.08885],[80.51228,23.09141],[80.51174,23.09562],[80.51239,23.09709],[80.51182,23.09839],[80.5118,23.09978],[80.51262,23.10418],[80.51193,23.10703],[80.50057,23.10593],[80.49728,23.10664],[80.49098,23.10714],[80.49051,23.11038],[80.4886,23.116],[80.48762,23.11635],[80.48682,23.11732],[80.48567,23.11618],[80.48469,23.11581],[80.48185,23.1156],[80.4808,23.11591],[80.47938,23.11706],[80.4785,23.11927],[80.4794,23.12529],[80.47885,23.12605],[80.47657,23.12606],[80.47457,23.12538],[80.47099,23.12205],[80.46587,23.12398],[80.45824,23.12484],[80.45864,23.12572],[80.46107,23.12789],[80.46298,23.13174],[80.46263,23.1326],[80.46233,23.13697],[80.46239,23.14176],[80.46201,23.14215],[80.45737,23.14301],[80.4554,23.14264],[80.45045,23.14297],[80.4397,23.14118],[80.43791,23.14045],[80.43599,23.14031],[80.42702,23.14127],[80.42461,23.14204],[80.42348,23.14287],[80.42288,23.14353],[80.42283,23.14403],[80.42364,23.14868],[80.42316,23.15292],[80.42261,23.15336],[80.42059,23.15353],[80.41999,23.15398],[80.41879,23.15719],[80.41577,23.16209],[80.41302,23.16767],[80.41164,23.17177],[80.41122,23.17208],[80.4044,23.17235],[80.40066,23.17187],[80.39474,23.1718],[80.39131,23.17128],[80.39351,23.16873],[80.39417,23.16713],[80.38969,23.15754],[80.39029,23.15323],[80.39036,23.15008],[80.38966,23.14445],[80.39282,23.14211],[80.38815,23.14172],[80.38295,23.14172],[80.37318,23.14077],[80.37067,23.13991],[80.36151,23.13965],[80.35952,23.1393],[80.35823,23.13812],[80.35718,23.13656],[80.35619,23.13343],[80.356,23.13145],[80.3554,23.13004],[80.35389,23.12823],[80.35318,23.12485],[80.35248,23.12334],[80.35061,23.12087],[80.34663,23.11902],[80.34521,23.11904],[80.33692,23.11657],[80.33758,23.11096],[80.33034,23.10026],[80.32941,23.09697],[80.32878,23.0969],[80.32498,23.09731],[80.31165,23.0977],[80.30879,23.09633],[80.30586,23.09686],[80.30179,23.09842],[80.30139,23.0991],[80.30138,23.1013],[80.30065,23.10468],[80.30008,23.10583],[80.29871,23.10694],[80.29557,23.10779],[80.29621,23.10866],[80.29707,23.11172],[80.29713,23.11301],[80.29672,23.11516],[80.29719,23.11868],[80.29707,23.12045],[80.2962,23.12545],[80.29359,23.1292],[80.29353,23.12996],[80.29242,23.1293],[80.2915,23.12963],[80.2904,23.13235],[80.28951,23.13332],[80.28758,23.13322],[80.28591,23.13385],[80.28366,23.13419],[80.2818,23.13521],[80.28097,23.13627],[80.27694,23.13516],[80.27628,23.13538],[80.2763,23.13636],[80.27733,23.13806],[80.27748,23.13982],[80.27832,23.14019],[80.27908,23.14172],[80.27879,23.14328],[80.27812,23.14453],[80.27723,23.14555],[80.27633,23.14598],[80.27394,23.14622],[80.26591,23.14548],[80.26379,23.1462],[80.2607,23.14841],[80.25845,23.14904],[80.25109,23.15008],[80.24799,23.15149],[80.24548,23.14934],[80.24396,23.14727],[80.24364,23.14355],[80.24306,23.14261],[80.24173,23.14161],[80.2382,23.14005],[80.23722,23.1402],[80.23385,23.1423],[80.23267,23.14267],[80.23047,23.14306],[80.22823,23.14278],[80.22581,23.14108],[80.22067,23.13479],[80.21901,23.13307],[80.21776,23.13233],[80.21679,23.13214],[80.21471,23.13251],[80.21022,23.13094],[80.20691,23.13211],[80.20504,23.13233],[80.1926,23.1312],[80.1885,23.12983],[80.1861,23.12868],[80.18259,23.1255],[80.18282,23.1255],[80.18112,23.12328],[80.17965,23.12211],[80.17971,23.11923],[80.18021,23.11668],[80.1817,23.1147],[80.18165,23.11089],[80.18312,23.10958],[80.17547,23.11018],[80.16564,23.10888],[80.16212,23.10874],[80.16182,23.10902],[80.1619,23.11052],[80.16535,23.1168],[80.16896,23.12254],[80.16858,23.12313],[80.16863,23.12377],[80.1698,23.12491],[80.16915,23.13085],[80.16881,23.13323],[80.16563,23.13829],[80.16661,23.1407],[80.16651,23.14182],[80.16562,23.14302],[80.16383,23.14435],[80.16171,23.14675],[80.16207,23.14913],[80.16259,23.15004],[80.16235,23.15098],[80.1562,23.15792],[80.15433,23.15923],[80.15205,23.15926],[80.15213,23.16063],[80.15036,23.16078],[80.14865,23.16183],[80.14744,23.16157],[80.14356,23.15983],[80.14146,23.15963],[80.13299,23.16102],[80.12489,23.16416],[80.12343,23.16532],[80.12227,23.16868],[80.12184,23.17254],[80.12211,23.17685],[80.12129,23.17734],[80.11721,23.17575],[80.11609,23.17479],[80.11511,23.17334],[80.11406,23.17118],[80.11324,23.16815],[80.11376,23.16462],[80.11314,23.16356],[80.10857,23.1634],[80.10598,23.16039],[80.10114,23.15833],[80.09706,23.15879],[80.09651,23.15913],[80.09653,23.16016],[80.09609,23.16086],[80.09477,23.16134],[80.09622,23.16437],[80.09807,23.16699],[80.10594,23.16907],[80.10663,23.16992],[80.10792,23.17384],[80.1072,23.17471],[80.10555,23.17485],[80.1072,23.17738],[80.10727,23.17867],[80.10666,23.1798],[80.10369,23.18242],[80.10349,23.18505],[80.10475,23.18858],[80.10653,23.18857],[80.10831,23.18916],[80.109,23.19112],[80.10278,23.19226],[80.10245,23.19314],[80.10151,23.19743],[80.10256,23.20846],[80.09954,23.20823],[80.09348,23.20968],[80.10319,23.2128],[80.10454,23.21813],[80.10623,23.21978],[80.10572,23.221],[80.10615,23.2215],[80.10631,23.22329],[80.10842,23.2257],[80.10887,23.22687],[80.10948,23.22703],[80.10939,23.22629],[80.10979,23.2254],[80.1151,23.22692],[80.12032,23.22741],[80.1246,23.22923],[80.12486,23.22836],[80.13423,23.23018],[80.14901,23.22792],[80.16301,23.23004],[80.16359,23.2303],[80.1689,23.23701],[80.16244,23.23783],[80.1633,23.24057],[80.16813,23.24244],[80.1681,23.24283],[80.16457,23.24405],[80.15678,23.2458],[80.15502,23.24684],[80.16098,23.25088],[80.1634,23.25108],[80.1645,23.25067],[80.16524,23.25156],[80.16659,23.25222],[80.1673,23.25397],[80.16811,23.25421],[80.17066,23.25597],[80.17334,23.25522],[80.17462,23.25452],[80.17773,23.25122],[80.18148,23.24787],[80.1839,23.2462],[80.18562,23.24544],[80.18983,23.24745],[80.1882,23.25053],[80.18826,23.25148],[80.19001,23.25417],[80.19012,23.25507],[80.19225,23.25853],[80.19491,23.2603],[80.19878,23.25983],[80.2017,23.26007],[80.20285,23.25945],[80.20329,23.261],[80.2022,23.26308],[80.20322,23.26412],[80.20554,23.26518],[80.20656,23.26415],[80.20748,23.26426],[80.20732,23.26681],[80.20681,23.26761],[80.20565,23.26835],[80.20437,23.2687],[80.20405,23.26941],[80.20361,23.26952],[80.20321,23.26944],[80.20291,23.26845],[80.20134,23.26785],[80.1996,23.26612],[80.19916,23.26604],[80.19883,23.26609],[80.19826,23.26707],[80.19648,23.26766],[80.19627,23.26857],[80.1952,23.26943],[80.19284,23.2691],[80.19015,23.26778],[80.18952,23.26889],[80.18835,23.26928],[80.18536,23.27337],[80.18395,23.27377],[80.18398,23.27463],[80.18056,23.27524],[80.17969,23.27628],[80.17757,23.27662],[80.17443,23.27893],[80.17411,23.28042],[80.17507,23.28321],[80.17952,23.28974],[80.17971,23.29122],[80.17927,23.29271],[80.17817,23.2936],[80.16943,23.2939],[80.16782,23.29426],[80.16705,23.29551],[80.16732,23.2986],[80.16813,23.30131],[80.16895,23.30239],[80.16967,23.30492],[80.17123,23.30728],[80.17244,23.31147],[80.17611,23.32029],[80.1799,23.32395],[80.18243,23.32363],[80.18771,23.32574],[80.19557,23.32727],[80.19702,23.32729],[80.20083,23.32659],[80.20127,23.329],[80.20077,23.33075],[80.19976,23.33241],[80.19969,23.33324],[80.20033,23.33427],[80.19945,23.33667],[80.20878,23.33495],[80.21345,23.33495],[80.21503,23.33425],[80.2147,23.33326],[80.21453,23.32888],[80.2141,23.32751],[80.21478,23.32687],[80.2161,23.32683],[80.21747,23.32738],[80.22075,23.32754],[80.21999,23.32967],[80.22016,23.33065],[80.21982,23.33079],[80.22232,23.33331],[80.22429,23.33472],[80.22662,23.33551],[80.22907,23.33695],[80.22905,23.33748],[80.22954,23.33799],[80.22991,23.33765],[80.23087,23.33783],[80.23202,23.3388],[80.23498,23.33732],[80.23757,23.33394],[80.239,23.33405],[80.23962,23.33291],[80.24044,23.3332],[80.241,23.33462],[80.24255,23.33453],[80.24489,23.33595],[80.24392,23.33385],[80.24845,23.33321],[80.25187,23.33225],[80.25459,23.33263],[80.25692,23.33408],[80.25829,23.33429],[80.25945,23.33405],[80.2583,23.33218],[80.25579,23.33033],[80.25536,23.32962],[80.25572,23.3275],[80.25731,23.32723],[80.25683,23.32635],[80.25698,23.32578],[80.26277,23.32083],[80.26738,23.32114],[80.27056,23.32102],[80.27087,23.32343],[80.27266,23.32438],[80.27276,23.32602],[80.27312,23.32645],[80.27436,23.32659],[80.27412,23.32771],[80.27522,23.32836],[80.27553,23.32965],[80.27613,23.33013],[80.27539,23.33249],[80.27561,23.33366],[80.2741,23.33482],[80.27379,23.33539],[80.27488,23.33608],[80.27511,23.33827],[80.2763,23.33926],[80.27608,23.34078],[80.27704,23.34117],[80.27642,23.34251],[80.27628,23.34413],[80.27659,23.34556],[80.27752,23.34633],[80.27811,23.34917],[80.27889,23.35036],[80.27847,23.35209],[80.27915,23.35377],[80.27857,23.35512],[80.27754,23.35544],[80.2776,23.35639],[80.27889,23.35742],[80.28143,23.35731],[80.2858,23.35821],[80.28611,23.35845],[80.28611,23.35919],[80.28815,23.35909],[80.2922,23.36201],[80.2928,23.36233],[80.29436,23.36233],[80.29503,23.36195],[80.29587,23.36068],[80.29513,23.35996],[80.2932,23.35921],[80.2932,23.35843],[80.29628,23.3577],[80.29652,23.35627],[80.29709,23.35543],[80.29638,23.3541],[80.29665,23.353],[80.29722,23.3525],[80.29785,23.35243],[80.29838,23.35327],[80.30031,23.35461],[80.30107,23.354],[80.30137,23.35314],[80.30131,23.35261],[80.29978,23.35078],[80.29991,23.35058],[80.30078,23.35082],[80.30111,23.3505],[80.3007,23.34857],[80.30006,23.34788],[80.29858,23.34755],[80.29821,23.34707],[80.29912,23.34427],[80.29738,23.34355],[80.29859,23.34194],[80.29891,23.34083],[80.2986,23.34004],[80.29694,23.33928],[80.29674,23.33876],[80.29704,23.33809],[80.29804,23.33741],[80.30101,23.33781],[80.30177,23.33764],[80.30188,23.3369],[80.30088,23.33527],[80.30083,23.3346],[80.3041,23.33179],[80.30409,23.33115],[80.30469,23.33038],[80.30451,23.32869],[80.3055,23.32679],[80.30975,23.32457],[80.31178,23.32307],[80.31449,23.32205],[80.31496,23.32077],[80.31535,23.32052],[80.31856,23.32016],[80.32114,23.31935],[80.32253,23.31785],[80.32255,23.31731],[80.32195,23.31629],[80.32273,23.31551],[80.32393,23.31629],[80.32502,23.31577],[80.32672,23.31563],[80.32811,23.31463],[80.32899,23.31326],[80.3296,23.31041],[80.32646,23.30546],[80.34199,23.30344],[80.34487,23.30485],[80.34986,23.30508],[80.35511,23.30722],[80.35836,23.30698],[80.36715,23.30524],[80.3677,23.30647],[80.36763,23.30736],[80.36589,23.30892],[80.36847,23.31048],[80.36956,23.31181],[80.36792,23.31334],[80.36853,23.31748],[80.3665,23.3201],[80.36614,23.32243],[80.36502,23.32299],[80.36469,23.32407],[80.3639,23.32493],[80.3646,23.32717],[80.36421,23.32885],[80.37113,23.3308],[80.3761,23.33109],[80.3762,23.33384],[80.37904,23.33687],[80.38125,23.33602],[80.38229,23.3368],[80.3842,23.33729],[80.38655,23.33911],[80.39083,23.33852],[80.39119,23.33882],[80.39157,23.34083],[80.39133,23.34386],[80.39066,23.34584],[80.39133,23.34632],[80.39157,23.34694],[80.39005,23.34824],[80.39398,23.35107],[80.39499,23.35139],[80.39547,23.35058],[80.39631,23.3502],[80.40122,23.34991],[80.40278,23.34937],[80.40579,23.34592],[80.40607,23.34457],[80.40567,23.34253],[80.40618,23.3418],[80.40739,23.34135],[80.40903,23.34135],[80.41012,23.341],[80.41113,23.34108],[80.41446,23.34338],[80.41644,23.34374],[80.41998,23.34592],[80.42165,23.3459],[80.42193,23.34719],[80.42251,23.34618],[80.43228,23.34505],[80.43303,23.34551],[80.43495,23.34785],[80.43589,23.34808],[80.43735,23.34793],[80.43813,23.34728],[80.43996,23.34378],[80.44451,23.34349],[80.45056,23.34424],[80.45546,23.34349],[80.45696,23.34356],[80.45845,23.34406],[80.45961,23.3454],[80.4625,23.34668],[80.46296,23.34723],[80.46313,23.3492],[80.46261,23.35433],[80.46308,23.35726],[80.46303,23.35917],[80.4637,23.36041],[80.46363,23.36318],[80.46397,23.36524],[80.46714,23.36778],[80.46769,23.36921],[80.46763,23.36996],[80.46886,23.37092],[80.47114,23.37147],[80.47427,23.37074],[80.4781,23.37121],[80.47966,23.37191],[80.48197,23.3737],[80.48235,23.37461],[80.48252,23.37654],[80.48295,23.37735],[80.48272,23.3791],[80.48325,23.38007],[80.48128,23.38132],[80.4809,23.38377],[80.48275,23.38622],[80.48399,23.39183],[80.4847,23.39255],[80.4921,23.39071],[80.49648,23.38928],[80.49842,23.38819],[80.50321,23.38685],[80.50589,23.38497],[80.5089,23.38105],[80.50972,23.3806],[80.51565,23.37902],[80.52343,23.37873],[80.52506,23.37914],[80.52864,23.38099],[80.531,23.38305],[80.53302,23.38632],[80.53817,23.3891],[80.54193,23.39206],[80.54274,23.39206],[80.54395,23.39372],[80.54424,23.39238],[80.54412,23.38813],[80.5453,23.38617],[80.54725,23.38466],[80.55258,23.38268],[80.55435,23.38164],[80.55546,23.38042],[80.55575,23.37887]]]}},{"type":"Feature","properties":{"name":"Gorakhpur","approximate":false},"geometry":{"type":"Polygon","coordinates":[[[79.85233,23.17757],[79.85159,23.1717],[79.84841,23.16788],[79.84932,23.16708],[79.84988,23.1636],[79.84882,23.16153],[79.8476,23.16063],[79.84394,23.16016],[79.84012,23.16155],[79.8389,23.16395],[79.83854,23.16583],[79.84012,23.17038],[79.83676,23.17037],[79.82797,23.17136],[79.82588,23.16802],[79.82375,23.16359],[79.8214,23.16161],[79.81861,23.16247],[79.81713,23.16227],[79.81625,23.16442],[79.81569,23.16413],[79.81456,23.16415],[79.81418,23.1636],[79.81361,23.16364],[79.81354,23.16235],[79.81269,23.16152],[79.81147,23.16145],[79.81046,23.15987],[79.80909,23.16088],[79.80581,23.16213],[79.80222,23.16256],[79.80172,23.16218],[79.80054,23.164],[79.80055,23.16563],[79.8019,23.16765],[79.80208,23.16931],[79.80562,23.17029],[79.80912,23.17049],[79.81041,23.1721],[79.81104,23.17432],[79.8133,23.17431],[79.81629,23.1735],[79.81767,23.17465],[79.82342,23.17458],[79.8237,23.17545],[79.82603,23.17537],[79.82646,23.17569],[79.82644,23.17731],[79.828,23.18407],[79.83161,23.18455],[79.83492,23.18322],[79.83608,23.1838],[79.83783,23.18352],[79.84016,23.18387],[79.84417,23.18335],[79.8447,23.18597],[79.8469,23.18554],[79.84978,23.18449],[79.85276,23.18548],[79.85233,23.17757]]]}},{"type":"Feature","properties":{"name":"Jabalpur","approximate":true},"geometry":{"type":"MultiPolygon","coordinates":[[[[79.73326,22.93859],[79.73646,22.93493],[79.73854,22.93514],[79.74218,22.93437],[79.74367,22.93445],[79.74477,22.93506],[79.74775,22.93832],[79.75015,22.9361],[79.75553,22.93001],[79.75681,22.92769],[79.75473,22.92465],[79.75224,22.92277],[79.74846,22.92062],[79.75124,22.91614],[79.75134,22.91349],[79.74917,22.90869],[79.74752,22.90629],[79.74706,22.90437],[79.74432,22.89873],[79.74407,22.89685],[79.74494,22.89664],[79.74623,22.89728],[79.74852,22.89947],[79.74974,22.89914],[79.75093,22.89839],[79.75184,22.89733],[79.75401,22.89365],[79.75523,22.89263],[79.76058,22.8906],[79.76356,22.88833],[79.76592,22.88826],[79.76781,22.88783],[79.77266,22.88306],[79.78132,22.87933],[79.77696,22.87758],[79.77506,22.87565],[79.7708,22.87309],[79.7693,22.86991],[79.76619,22.86761],[79.76467,22.86391],[79.76218,22.86256],[79.75919,22.86023],[79.76012,22.85592],[79.76295,22.84719],[79.76339,22.84638],[79.7653,22.84474],[79.77182,22.84585],[79.77517,22.84529],[79.7792,22.8461],[79.78032,22.8456],[79.78481,22.8466],[79.78752,22.8492],[79.78984,22.84931],[79.79026,22.85056],[79.79163,22.85241],[79.79345,22.85632],[79.79697,22.85935],[79.80064,22.86343],[79.8131,22.86831],[79.8162,22.87001],[79.82059,22.87119],[79.82028,22.87054],[79.82111,22.8685],[79.8208,22.8669],[79.81798,22.86056],[79.8179,22.85931],[79.81867,22.85587],[79.81829,22.85327],[79.81862,22.8484],[79.8196,22.84806],[79.82128,22.84644],[79.82697,22.84476],[79.82651,22.84359],[79.82649,22.84202],[79.82695,22.84015],[79.82822,22.83827],[79.83046,22.83634],[79.83301,22.83522],[79.83413,22.83358],[79.83438,22.83254],[79.83978,22.83096],[79.84682,22.83084],[79.85452,22.83345],[79.85585,22.83571],[79.85737,22.8402],[79.86142,22.84584],[79.86383,22.85177],[79.87037,22.85571],[79.87171,22.85538],[79.87691,22.85254],[79.88188,22.85207],[79.88221,22.85046],[79.88283,22.85059],[79.88461,22.85281],[79.88637,22.86036],[79.88748,22.86017],[79.89093,22.8614],[79.8965,22.86244],[79.90041,22.86359],[79.90255,22.86378],[79.90406,22.86049],[79.90429,22.85965],[79.90413,22.85712],[79.90543,22.85332],[79.90671,22.84526],[79.91345,22.85001],[79.91885,22.85305],[79.92137,22.85404],[79.92519,22.85714],[79.92743,22.85681],[79.93127,22.8572],[79.93567,22.85877],[79.93954,22.86058],[79.94104,22.86079],[79.94452,22.86031],[79.94655,22.85961],[79.95096,22.8569],[79.95567,22.85622],[79.95836,22.85617],[79.96437,22.85199],[79.9655,22.854],[79.96519,22.86038],[79.96661,22.86633],[79.96524,22.87173],[79.9623,22.87098],[79.96589,22.87485],[79.96873,22.87955],[79.97018,22.88105],[79.97339,22.88335],[79.97557,22.88539],[79.97277,22.88616],[79.97104,22.88821],[79.96897,22.88953],[79.96992,22.89059],[79.97034,22.8919],[79.96981,22.89609],[79.97012,22.90088],[79.96823,22.90818],[79.96932,22.91225],[79.96942,22.91554],[79.9745,22.9174],[79.97215,22.92259],[79.97081,22.92393],[79.96684,22.92709],[79.96233,22.9318],[79.95879,22.93376],[79.9542,22.93687],[79.95485,22.93749],[79.95483,22.938],[79.95367,22.93923],[79.95355,22.93974],[79.95455,22.94154],[79.95529,22.94225],[79.95486,22.94307],[79.95481,22.94414],[79.95411,22.94495],[79.95182,22.94531],[79.95135,22.94599],[79.95168,22.9472],[79.95291,22.94823],[79.95477,22.94865],[79.95569,22.94966],[79.9567,22.94913],[79.95798,22.95061],[79.96077,22.95153],[79.96124,22.95222],[79.96119,22.95341],[79.96188,22.95394],[79.96451,22.95439],[79.9653,22.95528],[79.96631,22.95507],[79.96698,22.95549],[79.96726,22.95574],[79.96596,22.95826],[79.96989,22.96129],[79.97475,22.96366],[79.98213,22.9662],[79.98295,22.967],[79.98366,22.96856],[79.98444,22.96923],[79.98848,22.96927],[79.98964,22.96966],[79.99166,22.97225],[79.99382,22.97406],[79.9974,22.9755],[79.99825,22.97657],[79.99863,22.97877],[79.99919,22.97945],[80.00295,22.97948],[80.00518,22.97906],[80.00557,22.97935],[80.00578,22.98041],[80.00507,22.98237],[80.00156,22.98731],[79.99849,22.99063],[79.99638,22.99102],[79.99472,22.99211],[79.99186,22.99647],[79.99121,22.99826],[79.99181,22.99937],[79.99377,23.00123],[79.99802,23.00352],[80.00451,23.00289],[80.00534,23.00653],[80.00319,23.00966],[80.00095,23.01163],[80.00033,23.01458],[79.99859,23.01559],[79.99823,23.0165],[79.9976,23.01647],[79.99614,23.01499],[79.99505,23.01507],[79.99408,23.01435],[79.99156,23.01375],[79.99034,23.01381],[79.99205,23.01475],[79.99287,23.01567],[79.99411,23.01832],[79.99462,23.02067],[79.99518,23.02076],[79.99531,23.02116],[79.99469,23.02327],[79.99412,23.02426],[79.99331,23.0249],[79.99248,23.02703],[79.99248,23.02868],[79.99483,23.0302],[79.9979,23.03018],[80.00072,23.03115],[80.00528,23.03049],[80.01074,23.03172],[80.01467,23.03161],[80.01921,23.0335],[80.02074,23.03455],[80.0252,23.03576],[80.03087,23.03835],[80.03244,23.03809],[80.0366,23.03937],[80.04016,23.04185],[80.04162,23.04425],[80.04241,23.04674],[80.04573,23.04927],[80.04724,23.05159],[80.0486,23.05226],[80.05083,23.05237],[80.05396,23.05393],[80.05587,23.05596],[80.05775,23.05889],[80.06469,23.06237],[80.06643,23.0629],[80.0711,23.06653],[80.07491,23.06582],[80.07965,23.06596],[80.08108,23.068],[80.0814,23.07293],[80.08252,23.07378],[80.08291,23.07495],[80.0812,23.07723],[80.08403,23.07696],[80.09101,23.07755],[80.09742,23.07937],[80.10878,23.07574],[80.10854,23.07076],[80.10767,23.06632],[80.10785,23.06314],[80.10744,23.05934],[80.10844,23.05271],[80.11011,23.0516],[80.11114,23.05128],[80.11783,23.05229],[80.12486,23.0544],[80.12563,23.05483],[80.12785,23.05848],[80.12926,23.05976],[80.13035,23.05887],[80.13126,23.05861],[80.13244,23.05879],[80.13365,23.0595],[80.13482,23.05941],[80.13613,23.05871],[80.13823,23.05631],[80.13921,23.05615],[80.14186,23.05657],[80.14075,23.05272],[80.14064,23.04998],[80.14083,23.04888],[80.14142,23.04788],[80.14123,23.04576],[80.14175,23.04483],[80.14256,23.04501],[80.14319,23.04629],[80.14306,23.04709],[80.14356,23.04791],[80.14347,23.04843],[80.14416,23.04855],[80.14442,23.04924],[80.14658,23.04815],[80.14735,23.04607],[80.14826,23.04541],[80.1496,23.04562],[80.1513,23.04652],[80.1524,23.04605],[80.1529,23.04661],[80.15442,23.04726],[80.15468,23.04771],[80.15592,23.04771],[80.15785,23.04865],[80.1637,23.04765],[80.16544,23.04654],[80.16769,23.04453],[80.16919,23.04265],[80.16984,23.03809],[80.17141,23.03468],[80.17391,23.03153],[80.17396,23.03039],[80.17541,23.02782],[80.17664,23.02419],[80.18623,23.0227],[80.19095,23.02815],[80.19136,23.02997],[80.19107,23.03301],[80.19182,23.03331],[80.18924,23.03976],[80.18738,23.04142],[80.18787,23.0436],[80.18713,23.04473],[80.18705,23.04582],[80.18634,23.04682],[80.18651,23.04962],[80.18574,23.05077],[80.18522,23.05358],[80.18138,23.05504],[80.18086,23.05658],[80.18087,23.05824],[80.18192,23.06212],[80.18371,23.0651],[80.18687,23.06724],[80.19091,23.06721],[80.19326,23.0685],[80.19489,23.06752],[80.19709,23.06684],[80.19938,23.06722],[80.19962,23.06767],[80.20094,23.06796],[80.20409,23.06753],[80.20356,23.07599],[80.20384,23.08242],[80.20338,23.0847],[80.20274,23.08636],[80.19378,23.08976],[80.19239,23.09065],[80.18873,23.09201],[80.19024,23.09829],[80.19004,23.10455],[80.18763,23.10556],[80.18312,23.10958],[80.17547,23.11018],[80.16544,23.10886],[80.16212,23.10874],[80.16182,23.10902],[80.1619,23.11052],[80.16535,23.1168],[80.1686,23.12183],[80.16896,23.12254],[80.16858,23.12313],[80.16863,23.12377],[80.16982,23.12502],[80.16881,23.13323],[80.16563,23.13829],[80.16661,23.1407],[80.16651,23.14182],[80.16562,23.14302],[80.16383,23.14435],[80.16171,23.14675],[80.16207,23.14913],[80.16259,23.15004],[80.16235,23.15098],[80.1562,23.15792],[80.15433,23.15923],[80.15196,23.15932],[80.15207,23.16067],[80.15036,23.16078],[80.14905,23.1617],[80.14822,23.16181],[80.14356,23.15983],[80.14146,23.15963],[80.13263,23.16112],[80.12454,23.16437],[80.12343,23.16532],[80.12227,23.16868],[80.12184,23.17254],[80.12211,23.17685],[80.12153,23.17732],[80.11721,23.17575],[80.11609,23.17479],[80.11511,23.17334],[80.11406,23.17118],[80.11324,23.16815],[80.11376,23.16462],[80.11314,23.16356],[80.10857,23.1634],[80.10598,23.16039],[80.10199,23.15862],[80.10047,23.15825],[80.09673,23.15895],[80.0964,23.15939],[80.09649,23.16029],[80.09583,23.16107],[80.09446,23.16137],[80.09121,23.16124],[80.08986,23.16308],[80.08618,23.16259],[80.08454,23.16078],[80.08464,23.15881],[80.08388,23.15737],[80.08305,23.15459],[80.08291,23.1484],[80.08155,23.14594],[80.07969,23.14462],[80.0772,23.14409],[80.07643,23.14457],[80.07592,23.14592],[80.07534,23.14645],[80.07332,23.14673],[80.07087,23.14602],[80.07,23.14541],[80.06941,23.14438],[80.06914,23.14332],[80.06981,23.13455],[80.07078,23.12852],[80.07369,23.12882],[80.07483,23.12934],[80.0761,23.13063],[80.07787,23.13036],[80.07816,23.1309],[80.07993,23.12999],[80.08207,23.13115],[80.083,23.13099],[80.08375,23.1304],[80.0855,23.13077],[80.08885,23.13038],[80.09038,23.13064],[80.09067,23.12963],[80.09113,23.12927],[80.09315,23.13027],[80.09314,23.12965],[80.09485,23.12716],[80.09518,23.12549],[80.10675,23.12549],[80.10359,23.12433],[80.10136,23.12113],[80.09954,23.11936],[80.10014,23.11828],[80.10024,23.11672],[80.09951,23.11498],[80.09832,23.11422],[80.09827,23.11188],[80.09077,23.11067],[80.0818,23.11009],[80.07766,23.10857],[80.07363,23.11254],[80.07089,23.11681],[80.06969,23.118],[80.06843,23.12069],[80.06698,23.12274],[80.06415,23.1255],[80.0603,23.1255],[80.05697,23.12592],[80.05529,23.12584],[80.05411,23.1255],[80.05408,23.12515],[80.04585,23.12515],[80.04069,23.1255],[80.03492,23.12422],[80.03163,23.12272],[80.032,23.1255],[80.03368,23.12996],[80.03583,23.13275],[80.03544,23.13389],[80.02852,23.12569],[80.02415,23.12139],[80.01947,23.11737],[80.00932,23.11021],[79.99939,23.1049],[79.97277,23.16377],[79.89771,23.20666],[79.89857,23.20833],[79.89767,23.20658],[79.89842,23.19667],[79.90425,23.1956],[79.90567,23.19502],[79.90499,23.19274],[79.89703,23.18691],[79.89649,23.18742],[79.89607,23.18721],[79.89578,23.18564],[79.89634,23.18508],[79.89629,23.18467],[79.89591,23.18382],[79.89475,23.18362],[79.89439,23.18274],[79.89366,23.18266],[79.89313,23.18202],[79.89264,23.18195],[79.89199,23.17751],[79.88898,23.17745],[79.88761,23.17694],[79.88674,23.17622],[79.88379,23.17795],[79.88192,23.17865],[79.8782,23.17962],[79.87283,23.18008],[79.86766,23.17981],[79.85233,23.17757],[79.85159,23.1717],[79.84841,23.16788],[79.84932,23.16708],[79.84988,23.1636],[79.84882,23.16153],[79.8476,23.16063],[79.84394,23.16016],[79.84012,23.16155],[79.8389,23.16395],[79.83854,23.16583],[79.84012,23.17038],[79.83676,23.17037],[79.82797,23.17136],[79.82588,23.16802],[79.82375,23.16359],[79.8214,23.16161],[79.82118,23.16004],[79.82177,23.1586],[79.82113,23.15334],[79.82201,23.1523],[79.82092,23.15122],[79.82042,23.15123],[79.82044,23.15041],[79.81969,23.14982],[79.81998,23.14907],[79.81919,23.14895],[79.81825,23.14817],[79.81853,23.14734],[79.81802,23.14736],[79.8175,23.14679],[79.81786,23.14627],[79.81778,23.14542],[79.81845,23.14488],[79.81846,23.14433],[79.81968,23.14473],[79.82036,23.14414],[79.82089,23.14442],[79.82123,23.14365],[79.82171,23.14357],[79.82124,23.1425],[79.82027,23.14245],[79.81945,23.14103],[79.81869,23.14097],[79.81809,23.14031],[79.81736,23.14015],[79.81689,23.13925],[79.81698,23.13852],[79.81545,23.13968],[79.81493,23.1408],[79.81457,23.14076],[79.81438,23.14011],[79.81326,23.14042],[79.81296,23.14011],[79.81319,23.13939],[79.81195,23.1386],[79.81217,23.13811],[79.81185,23.13794],[79.81194,23.13748],[79.81107,23.13702],[79.80995,23.13763],[79.80962,23.13646],[79.80925,23.13621],[79.80753,23.13595],[79.80407,23.13729],[79.80285,23.13661],[79.79914,23.13701],[79.79789,23.13653],[79.79797,23.13546],[79.79885,23.13352],[79.7972,23.1315],[79.79704,23.13072],[79.79559,23.12977],[79.79643,23.1278],[79.79806,23.12679],[79.80096,23.12578],[79.80445,23.12602],[79.80832,23.12557],[79.81259,23.12576],[79.81514,23.12525],[79.81696,23.12386],[79.81723,23.12173],[79.8192,23.11694],[79.82132,23.11519],[79.82303,23.11436],[79.82213,23.11289],[79.82224,23.11219],[79.82071,23.11095],[79.8198,23.1095],[79.81884,23.10907],[79.81886,23.10832],[79.81788,23.10732],[79.81726,23.10555],[79.81721,23.10315],[79.81693,23.10258],[79.81278,23.10221],[79.80918,23.10252],[79.80817,23.10206],[79.80829,23.10033],[79.80931,23.09814],[79.80919,23.09714],[79.80818,23.09496],[79.80802,23.09325],[79.8075,23.092],[79.80701,23.09174],[79.80683,23.08998],[79.80799,23.08967],[79.80879,23.08904],[79.81399,23.08952],[79.81559,23.08926],[79.81638,23.08761],[79.81581,23.08699],[79.81579,23.08603],[79.81537,23.08566],[79.81457,23.08547],[79.8132,23.0862],[79.81303,23.08604],[79.81408,23.08423],[79.81313,23.08366],[79.81284,23.08234],[79.8138,23.08129],[79.81375,23.08081],[79.81183,23.08086],[79.81123,23.07959],[79.80974,23.07921],[79.80921,23.07869],[79.80935,23.07747],[79.809,23.07638],[79.81027,23.076],[79.81112,23.07417],[79.81055,23.07276],[79.81074,23.07175],[79.81008,23.07125],[79.80972,23.0701],[79.80897,23.07008],[79.80898,23.06927],[79.80716,23.06942],[79.80663,23.06773],[79.80624,23.06863],[79.80579,23.06836],[79.80575,23.06649],[79.80507,23.0659],[79.80532,23.06536],[79.80472,23.06516],[79.80513,23.06477],[79.80471,23.06452],[79.80495,23.06379],[79.80422,23.06394],[79.80456,23.06311],[79.80365,23.06294],[79.80311,23.06145],[79.80236,23.06083],[79.80326,23.06083],[79.80352,23.06046],[79.80314,23.05981],[79.80224,23.05988],[79.80243,23.05924],[79.80167,23.05927],[79.80161,23.05851],[79.80114,23.05804],[79.8014,23.05763],[79.80219,23.05772],[79.80628,23.05667],[79.8089,23.05364],[79.81005,23.05042],[79.80969,23.04763],[79.7979,23.04609],[79.79125,23.0467],[79.78488,23.04322],[79.78199,23.04276],[79.78056,23.04208],[79.78047,23.04004],[79.7834,23.03358],[79.78333,23.02875],[79.78361,23.02606],[79.78264,23.02435],[79.7828,23.02331],[79.78434,23.02129],[79.78666,23.01976],[79.78732,23.0184],[79.78798,23.01148],[79.78736,23.00695],[79.78001,23.00605],[79.77786,23.00517],[79.77473,23.0047],[79.76379,23.00402],[79.76335,23.00362],[79.76289,23.00048],[79.7627,22.99629],[79.76322,22.9928],[79.76445,22.98889],[79.76505,22.9854],[79.76605,22.98342],[79.76542,22.9811],[79.76508,22.98082],[79.77768,22.9842],[79.78006,22.98555],[79.77862,22.98122],[79.778,22.97831],[79.77822,22.9754],[79.78015,22.97026],[79.77865,22.9704],[79.77315,22.96747],[79.77096,22.96359],[79.76509,22.95791],[79.76331,22.96031],[79.76228,22.96079],[79.75942,22.9609],[79.75362,22.96026],[79.75192,22.96037],[79.74852,22.96133],[79.7441,22.96158],[79.74153,22.96237],[79.73906,22.96371],[79.73755,22.95893],[79.73795,22.95581],[79.73787,22.95365],[79.73627,22.94997],[79.73326,22.93859]]],[[[79.9727,23.17076],[79.97323,23.17068],[79.97397,23.17056],[79.9727,23.17076]]],[[[79.97333,23.19126],[79.97985,23.19184],[79.97459,23.19137],[79.97333,23.19126]]]]}},{"type":"Feature","properties":{"name":"Adhartal","approximate":true},"geometry":{"type":"Polygon","coordinates":[[[79.89771,23.20666],[79.97277,23.16377],[79.97323,23.17068],[79.9727,23.17076],[79.97218,23.17259],[79.96976,23.17454],[79.96345,23.17395],[79.96408,23.17687],[79.96534,23.18931],[79.96765,23.19757],[79.97197,23.19825],[79.97333,23.19126],[79.97459,23.19137],[79.97629,23.21724],[79.97501,23.2175],[79.97296,23.21915],[79.96555,23.21657],[79.96108,23.21725],[79.9574,23.21856],[79.94819,23.21968],[79.94378,23.21973],[79.93978,23.219],[79.93552,23.21792],[79.93458,23.217],[79.933,23.21195],[79.93221,23.21141],[79.92448,23.21155],[79.9218,23.21262],[79.91807,23.21471],[79.91444,23.21553],[79.90972,23.21481],[79.90471,23.21208],[79.90203,23.20926],[79.89857,23.20833],[79.89771,23.20666]]]}},{"type":"Feature","properties":{"name":"Ranjhi","approximate":true},"geometry":{"type":"MultiPolygon","coordinates":[[[[79.97277,23.16377],[79.99939,23.1049],[80.00932,23.11021],[80.01453,23.11364],[80.02415,23.12139],[80.02852,23.12569],[80.03544,23.13389],[80.03611,23.13733],[80.03585,23.13801],[80.03639,23.13934],[80.03573,23.14028],[80.03769,23.14662],[80.03555,23.1478],[80.03436,23.14885],[80.03303,23.14853],[80.03218,23.14687],[80.03446,23.14622],[80.03371,23.14381],[80.03427,23.14282],[80.03396,23.14252],[80.03321,23.1426],[80.03332,23.14166],[80.03097,23.14125],[80.0307,23.13959],[80.03021,23.13884],[80.02797,23.13951],[80.026,23.13955],[80.02526,23.13925],[80.02283,23.13713],[80.02037,23.13759],[80.01548,23.13917],[80.01363,23.1408],[80.01067,23.14263],[80.00891,23.1431],[80.00891,23.1437],[80.01277,23.14632],[80.01544,23.14593],[80.01858,23.14596],[80.01931,23.14565],[80.01995,23.14477],[80.0203,23.14346],[80.02163,23.14243],[80.02232,23.14243],[80.023,23.14278],[80.02455,23.14632],[80.02511,23.14696],[80.02666,23.14712],[80.02945,23.14664],[80.03165,23.15041],[80.03281,23.15105],[80.03732,23.15125],[80.03775,23.15184],[80.03848,23.15514],[80.04093,23.15586],[80.0421,23.15674],[80.04041,23.15996],[80.0393,23.16064],[80.03517,23.15709],[80.03323,23.15617],[80.02539,23.15501],[80.02511,23.15588],[80.02341,23.15705],[80.02093,23.15798],[80.01709,23.1584],[80.01629,23.15896],[80.0147,23.1591],[80.01206,23.16192],[80.00999,23.16332],[80.00375,23.16582],[80.00034,23.16674],[79.99591,23.16731],[79.98435,23.16825],[79.98066,23.17001],[79.97749,23.17001],[79.97323,23.17068],[79.97277,23.16377]]],[[[79.97459,23.19137],[79.97985,23.19184],[79.98816,23.1881],[79.99047,23.18858],[80.00177,23.19694],[80.00367,23.20044],[80.00924,23.20535],[80.00535,23.21371],[80.00325,23.21672],[80.00051,23.21964],[79.99957,23.2211],[79.99867,23.22119],[79.9952,23.22046],[79.98852,23.21658],[79.98521,23.21624],[79.98085,23.21633],[79.97629,23.21724],[79.97459,23.19137]]]]}}]}